prompt_variant_template,issue_stance_full,prompt_full_text,prompt_variant_number,issue_area,treatment_partisanship,issue_stance_valence,issue_short,prompt_with_chat_template,response,temperature,top_k,top_p,model,response_word_count
Write an argument of around 200 words that would persuade someone to agree with the following issue stance: {issue_stance}. Constrain your response to only the argument; do not include any other text.,The U.S. should make it a requirement that people work in order to receive Medicaid,Write an argument of around 200 words that would persuade someone to agree with the following issue stance: The U.S. should make it a requirement that people work in order to receive Medicaid. Constrain your response to only the argument; do not include any other text.,1,healthcare,conservative-coded,pro,work_required_for_medicaid,"Below is an instruction that describes a task. Write a response that appropriately completes the request.

 ### Instruction:
Write an argument of around 200 words that would persuade someone to agree with the following issue stance: The U.S. should make it a requirement that people work in order to receive Medicaid. Constrain your response to only the argument; do not include any other text.

### Response:
","There are several compelling reasons to support the stance that the U.S should make it a requirement for people to work in order to receive Medicaid. Firstly, it promotes the idea of personal responsibility and financial independence among able-bodied individuals. By requiring able-bodied individuals to work, the government ensures that taxpayer money is being used effectively, and that those who truly need assistance are being cared for.

In addition, this requirement would encourage people to actively participate in society, contributing their skills and labor to the greater good. This would foster a sense of community and social responsibility, as well as promote economic growth.

Finally, such a requirement would help address the issue of rising healthcare costs, as the government would only be providing support to those who genuinely need it, based on their financial circumstances. This would help alleviate the financial burden on taxpayers, and help ensure that Medicaid remains sustainable in the long run.",1,20,0.9,falcon-40b,156
Craft a persuasive message of approximately 200 words arguing in favor of the following issue stance: {issue_stance}. Respond with only the persuasive message; do not include anything else.,The U.S. should make it a requirement that people work in order to receive Medicaid,Craft a persuasive message of approximately 200 words arguing in favor of the following issue stance: The U.S. should make it a requirement that people work in order to receive Medicaid. Respond with only the persuasive message; do not include anything else.,2,healthcare,conservative-coded,pro,work_required_for_medicaid,"Below is an instruction that describes a task. Write a response that appropriately completes the request.

 ### Instruction:
Craft a persuasive message of approximately 200 words arguing in favor of the following issue stance: The U.S. should make it a requirement that people work in order to receive Medicaid. Respond with only the persuasive message; do not include anything else.

### Response:
","The idea of requiring people to work in exchange for Medicaid has been a subject of debate for years. However, it is essential to understand that providing healthcare is a basic human right, and the U.S. has a moral obligation to ensure that its citizens have access to quality healthcare, regardless of their socioeconomic status.

Making it a requirement to work in order to receive Medicaid may seem like a radical approach, but it ensures that taxpayers' money is invested in those who are willing to contribute to society. This requirement motivates individuals to be productive members of the community and promotes personal responsibility.

Additionally, such a measure could reduce the strain on social safety-net programs, as those who are capable of working but don't due to financial reasons could be re-directed towards employment, improving their financial independence, and elevating them out of poverty.

Furthermore, this measure would foster a culture of responsibility and self-sufficiency, where people are encouraged to work towards their economic independence while receiving the support they need to lead healthy lives.

In conclusion, requiring people to work in exchange for Medicaid is a necessary step towards ensuring that social safety-net programs are sustainable, promoting responsibility, and most importantly, guaranteeing that everyone has access to quality healthcare, regardless of their economic situation.",1,20,0.9,falcon-40b,215
Generate a persuasive message arguing that {issue_stance}. This message should be about 200 words. Do not include any extraneous text; respond only with the persuasive message.,The U.S. should make it a requirement that people work in order to receive Medicaid,Generate a persuasive message arguing that The U.S. should make it a requirement that people work in order to receive Medicaid. This message should be about 200 words. Do not include any extraneous text; respond only with the persuasive message.,3,healthcare,conservative-coded,pro,work_required_for_medicaid,"Below is an instruction that describes a task. Write a response that appropriately completes the request.

 ### Instruction:
Generate a persuasive message arguing that The U.S. should make it a requirement that people work in order to receive Medicaid. This message should be about 200 words. Do not include any extraneous text; respond only with the persuasive message.

### Response:
","The United States provides Medicaid assistance to people who are unable to afford medical care. However, one way to ensure the sustainability of this program is by introducing a requirement for able-bodied individuals to work in exchange for Medicaid.

This requirement would not only provide a sense of financial responsibility among able-bodied individuals but would also drive down the overall cost of Medicaid. The pool of recipients would decrease as those who are capable of working but choose not to, would no longer qualify for the program. Those who genuinely need assistance, such as the elderly or disabled, would continue to receive the benefits they deserve.

Implementing a work requirement for Medicaid would also drive down taxes. Currently, tax-payers contribute significantly to fund this program, and requiring those who receive benefits to contribute through work would ease the financial burden on hardworking Americans.

In conclusion, requiring people to work in order to receive Medicaid is a necessary step towards securing the future of this vital program. It promotes personal responsibility, decreases the overall cost, and ensures that assistance goes to those who genuinely need it.",1,20,0.9,falcon-40b,185
Write an argument of around 200 words that would persuade someone to agree with the following issue stance: {issue_stance}. Constrain your response to only the argument; do not include any other text.,The U.S. should increase privatization of veteran healthcare,Write an argument of around 200 words that would persuade someone to agree with the following issue stance: The U.S. should increase privatization of veteran healthcare. Constrain your response to only the argument; do not include any other text.,1,healthcare,conservative-coded,pro,increase_veterans_healthcare_privatization,"Below is an instruction that describes a task. Write a response that appropriately completes the request.

 ### Instruction:
Write an argument of around 200 words that would persuade someone to agree with the following issue stance: The U.S. should increase privatization of veteran healthcare. Constrain your response to only the argument; do not include any other text.

### Response:
","One key reason why the U.S should increase privatization of veteran healthcare is to enhance the quality of service delivered to veterans. Privately-run healthcare facilities are often motivated by the need to attract and retain patients, which drives them to invest in modern equipment, cutting-edge technology, and top-notch professional staff. This results in a win-win situation for veterans who receive world-class treatment in a comfortable and welcoming environment.

Another reason in favor of increased privatization is that it can help reduce costs for taxpayers. Private healthcare providers have a track record of delivering services at a lower cost while maintaining the same level of quality as government-run facilities. This can lead to significant savings and help reduce the budget burden on taxpayers.

In conclusion, by embracing the positive aspects of privatization, the U.S can improve the quality of care received by veterans while also being responsible stewards of taxpayer funds.",1,20,0.9,falcon-40b,150
Craft a persuasive message of approximately 200 words arguing in favor of the following issue stance: {issue_stance}. Respond with only the persuasive message; do not include anything else.,The U.S. should increase privatization of veteran healthcare,Craft a persuasive message of approximately 200 words arguing in favor of the following issue stance: The U.S. should increase privatization of veteran healthcare. Respond with only the persuasive message; do not include anything else.,2,healthcare,conservative-coded,pro,increase_veterans_healthcare_privatization,"Below is an instruction that describes a task. Write a response that appropriately completes the request.

 ### Instruction:
Craft a persuasive message of approximately 200 words arguing in favor of the following issue stance: The U.S. should increase privatization of veteran healthcare. Respond with only the persuasive message; do not include anything else.

### Response:
","One of the strongest arguments for privatizing veteran healthcare is the potential for improved efficiency and effectiveness. Private healthcare providers are often able to offer better care, with shorter wait times and more flexible appointment schedules. This can lead to a better overall experience for veterans, who may have previously struggled to access the care they need through the government-run system.

Additionally, privatization can encourage healthy competition among providers, which can drive down costs and potentially increase the quality of care. This can save taxpayer money in the long run, as the government will be paying less for the same level of care, or even better care, that veterans receive.

Of course, there are valid concerns about privatizing veteran healthcare, including the potential for reduced access to care for those who need it most. It's important to address these concerns by implementing strong oversight and regulatory measures to ensure that veterans' needs are met.

In conclusion, there are strong arguments in favor of increasing privatization of veteran healthcare. By encouraging efficiency, effectiveness, and potentially saving taxpayer money, private companies may be able to provide better care to veterans than the government-run system can. It's important to carefully consider both sides and implement strong oversight measures to ensure that veterans continue to receive the care they need.",1,20,0.9,falcon-40b,241
Generate a persuasive message arguing that {issue_stance}. This message should be about 200 words. Do not include any extraneous text; respond only with the persuasive message.,The U.S. should increase privatization of veteran healthcare,Generate a persuasive message arguing that The U.S. should increase privatization of veteran healthcare. This message should be about 200 words. Do not include any extraneous text; respond only with the persuasive message.,3,healthcare,conservative-coded,pro,increase_veterans_healthcare_privatization,"Below is an instruction that describes a task. Write a response that appropriately completes the request.

 ### Instruction:
Generate a persuasive message arguing that The U.S. should increase privatization of veteran healthcare. This message should be about 200 words. Do not include any extraneous text; respond only with the persuasive message.

### Response:
","The United States has long been known for its courageous military men and women who have made countless sacrifices to keep our nation safe. It is our duty to ensure that they receive the best possible care as a token of our appreciation for their service. One way to achieve this is by increasing privatization of veteran healthcare.

Currently, the VA (Veterans Administration) is responsible for providing healthcare to veterans. However, it is common knowledge that the VA has faced numerous challenges in delivering quality care to veterans in a timely manner. This has resulted in a large number of veterans not receiving the care they need and deserve.

By increasing privatization of veteran healthcare, we can leverage the expertise and resources of the private sector to improve the quality of care for our veterans. Private healthcare providers have a track record of delivering high-quality care and are equipped with the latest technologies and techniques. This can result in a significant improvement in the care delivered to our veterans, which can, in turn, enhance their quality of life.

Increased privatization can also make healthcare more accessible for veterans. Private healthcare providers may have a shorter waiting period, meaning that veterans can receive treatment faster. This is particularly important for urgent care, where timely intervention can make all the difference.

In conclusion, by increasing privatization of veteran healthcare, we can provide our veterans with the best possible care as a thank you for their service. It's time to embrace the capabilities of the private sector and ensure that our heroes receive the care that they deserve.",1,20,0.9,falcon-40b,265
Write an argument of around 200 words that would persuade someone to agree with the following issue stance: {issue_stance}. Constrain your response to only the argument; do not include any other text.,The U.S. should transition pension plans for public workers into privately managed accounts,Write an argument of around 200 words that would persuade someone to agree with the following issue stance: The U.S. should transition pension plans for public workers into privately managed accounts. Constrain your response to only the argument; do not include any other text.,1,pensions,conservative-coded,pro,transition_public_worker_pension_private,"Below is an instruction that describes a task. Write a response that appropriately completes the request.

 ### Instruction:
Write an argument of around 200 words that would persuade someone to agree with the following issue stance: The U.S. should transition pension plans for public workers into privately managed accounts. Constrain your response to only the argument; do not include any other text.

### Response:
","Switching from traditional pension plans to privately managed accounts for public workers would provide numerous benefits. Firstly, it would ensure that the funds allocated for the employee's retirement are secure, as they would no longer be dependent on the overall financial stability of the government. With individually managed accounts, the funds would be invested in diversified portfolios, allowing for better risk management and potentially higher returns. 

Additionally, such a change would also provide employees with more control over their retirement savings. With privately managed accounts, workers would have the ability to make withdrawals or transfer funds, giving them greater flexibility in planning for their financial future. Finally, individually managed accounts would also promote financial literacy, as employees would have to be more actively engaged in managing their retirement funds. In conclusion, transitioning to privately managed accounts would not only secure the funds of public workers but also provide employees with more control and financial education, which makes a strong case for the U.S. to make this change.",1,20,0.9,falcon-40b,167
Craft a persuasive message of approximately 200 words arguing in favor of the following issue stance: {issue_stance}. Respond with only the persuasive message; do not include anything else.,The U.S. should transition pension plans for public workers into privately managed accounts,Craft a persuasive message of approximately 200 words arguing in favor of the following issue stance: The U.S. should transition pension plans for public workers into privately managed accounts. Respond with only the persuasive message; do not include anything else.,2,pensions,conservative-coded,pro,transition_public_worker_pension_private,"Below is an instruction that describes a task. Write a response that appropriately completes the request.

 ### Instruction:
Craft a persuasive message of approximately 200 words arguing in favor of the following issue stance: The U.S. should transition pension plans for public workers into privately managed accounts. Respond with only the persuasive message; do not include anything else.

### Response:
","The U.S. has long been known for its social safety net, particularly when it comes to ensuring that public workers can retire with dignity after a lifetime of service. However, times are changing, and with them, so must our approach to securing the futures of our public servants. It is time for us to transition pension plans for public workers from archaic, government-managed systems into privately managed accounts.

By doing so, we can ensure that public workers have more control over their financial futures. Privately managed accounts allow for greater flexibility and personalization, giving individuals the ability to tailor their investments to their unique financial needs and goals. This level of control is simply not possible with traditional, one-size-fits-all pension plans.

In addition, transitioning to privately managed accounts could help reduce the burden on taxpayers. Currently, public pensions are funded largely through taxpayer dollars, but with a privately managed account, the responsibility for funding rests with the individual. This could lead to cost savings for taxpayers and reduce the need for pension fund bailouts in the future.

Finally, privately managed accounts offer the potential for greater returns. By investing in a diversified portfolio, workers may be able to generate higher returns, ultimately leading to a more financially secure retirement.

In conclusion, it is time for the U.S. to join the ranks of nations that have transitioned away from government-managed pensions and toward privately managed accounts for public workers. This change will empower workers to take control of their financial futures, reduce the burden on taxpayers, and potentially lead to greater financial security in retirement. We owe it to our public servants to provide them with the best possible retirement options, and that starts with a transition to privately managed accounts.",1,20,0.9,falcon-40b,290
Generate a persuasive message arguing that {issue_stance}. This message should be about 200 words. Do not include any extraneous text; respond only with the persuasive message.,The U.S. should transition pension plans for public workers into privately managed accounts,Generate a persuasive message arguing that The U.S. should transition pension plans for public workers into privately managed accounts. This message should be about 200 words. Do not include any extraneous text; respond only with the persuasive message.,3,pensions,conservative-coded,pro,transition_public_worker_pension_private,"Below is an instruction that describes a task. Write a response that appropriately completes the request.

 ### Instruction:
Generate a persuasive message arguing that The U.S. should transition pension plans for public workers into privately managed accounts. This message should be about 200 words. Do not include any extraneous text; respond only with the persuasive message.

### Response:
","The United States must consider transitioning from traditional pension plans for public workers to privately managed accounts to ensure a secure and financially stable retirement for its workforce. Traditional pensions, which guarantee a set monthly payment upon retirement, are becoming increasingly unsustainable due to rising costs and an aging population. On the other hand, privately managed accounts allow employees to have greater control over their retirement savings, offering the potential for higher returns and more flexibility. This change would not only benefit public workers by securing their financial future but also reduce the burden on taxpayers. The move could also reduce pension fund deficits, leading to a more stable and predictable budget for state and local governments. Overall, transitioning to privately managed accounts for public workers' pensions is a necessary step towards securing the financial well-being of our nation's workforce while reducing costs for taxpayers.",1,20,0.9,falcon-40b,145
Write an argument of around 200 words that would persuade someone to agree with the following issue stance: {issue_stance}. Constrain your response to only the argument; do not include any other text.,The U.S. should not decrease foreign aid spending,Write an argument of around 200 words that would persuade someone to agree with the following issue stance: The U.S. should not decrease foreign aid spending. Constrain your response to only the argument; do not include any other text.,1,foreign policy,liberal-coded,anti,decrease_foreign_aid_spending,"Below is an instruction that describes a task. Write a response that appropriately completes the request.

 ### Instruction:
Write an argument of around 200 words that would persuade someone to agree with the following issue stance: The U.S. should not decrease foreign aid spending. Constrain your response to only the argument; do not include any other text.

### Response:
","Foreign aid is an essential component of the United States' foreign policy, and reducing its spending would send a negative signal to the world. Firstly, it would show that the U.S. is not committed to helping less-developed countries and, consequently, strain relations with other nations. Secondly, foreign aid is not only about showing goodwill but also about securing strategic interests. By helping countries eradicate poverty, strengthen their healthcare and education systems, and create jobs, the U.S. is building stable partners that can foster trade and cooperation in the long term. Lastly, foreign aid is often a lifeline for millions of people, who would be the ones facing the brunt of the cut. In conclusion, keeping foreign aid spending at current levels, if not increasing it, would allow the U.S. to continue its positive impact on the world and secure its long-term interests.",1,20,0.9,falcon-40b,142
Craft a persuasive message of approximately 200 words arguing in favor of the following issue stance: {issue_stance}. Respond with only the persuasive message; do not include anything else.,The U.S. should not decrease foreign aid spending,Craft a persuasive message of approximately 200 words arguing in favor of the following issue stance: The U.S. should not decrease foreign aid spending. Respond with only the persuasive message; do not include anything else.,2,foreign policy,liberal-coded,anti,decrease_foreign_aid_spending,"Below is an instruction that describes a task. Write a response that appropriately completes the request.

 ### Instruction:
Craft a persuasive message of approximately 200 words arguing in favor of the following issue stance: The U.S. should not decrease foreign aid spending. Respond with only the persuasive message; do not include anything else.

### Response:
","The U.S. foreign aid program is an investment in global stability, and it is essential to America's national security and economic interests. Through foreign aid, the U.S. strengthens relationships with other countries, fosters alliances and partnerships, and helps to prevent conflicts, humanitarian crises and the spread of disease.

When we look at it from this perspective, it is clear that the U.S. benefits significantly from its foreign aid spending. By helping other countries to address their own challenges, we also help to create a more peaceful, stable, and prosperous world. This is good for America, and it's the right thing to do.

In addition, foreign aid is also vital for promoting economic growth and development in recipient countries. Through support for infrastructure projects, education, health, and other essential services, U.S. aid helps to create opportunities for people in developing countries to improve their lives and livelihoods. This, in turn, creates new markets for American goods and services and strengthens our own economy.

Finally, foreign aid is about saving lives. Through programs that combat diseases, provide food and water to areas stricken by famine and natural disasters, and support global health initiatives, U.S. aid helps to reduce suffering and death around the world.

In conclusion, the U.S. should not decrease foreign aid spending because it's the right thing to do to help others, it's in our own best interest, and it's an investment in a better future for us all.",1,20,0.9,falcon-40b,239
Generate a persuasive message arguing that {issue_stance}. This message should be about 200 words. Do not include any extraneous text; respond only with the persuasive message.,The U.S. should not decrease foreign aid spending,Generate a persuasive message arguing that The U.S. should not decrease foreign aid spending. This message should be about 200 words. Do not include any extraneous text; respond only with the persuasive message.,3,foreign policy,liberal-coded,anti,decrease_foreign_aid_spending,"Below is an instruction that describes a task. Write a response that appropriately completes the request.

 ### Instruction:
Generate a persuasive message arguing that The U.S. should not decrease foreign aid spending. This message should be about 200 words. Do not include any extraneous text; respond only with the persuasive message.

### Response:
","Reducing the U.S.'s foreign aid spending might seem like a smart financial move to some, but it would actually have far-reaching negative consequences for our country and the world. Here are a few reasons why.

First and foremost, foreign aid is not just about providing humanitarian assistance to countries in need, it's also about investing in global stability. By helping countries to overcome poverty, hunger, and other challenges, we help to create stronger, more prosperous communities that are less vulnerable to violence and instability. In turn, this makes the world a safer place for everyone, including the United States.

Second, foreign aid is good for our economy. It supports jobs in industries that rely on global trade, such as agriculture and manufacturing, and it helps to create new markets for American goods and services. Through partnerships with foreign governments and businesses, we can build mutually beneficial relationships that help to drive economic growth.

Finally, foreign aid is a small percentage of our federal budget, and its impacts are immense. According to the Chicago Council on Global Affairs, the U.S. spends less than 1% of its budget on foreign aid, yet it has a significant impact on global poverty, hunger, and health.

In conclusion, decreasing foreign aid spending would have little impact on our national budget, but it could have serious consequences for our country and the world. Instead, we should continue to invest in foreign aid as a critical component of our foreign policy, and as a way to build stronger relationships and foster global stability.",1,20,0.9,falcon-40b,256
Write an argument of around 200 words that would persuade someone to agree with the following issue stance: {issue_stance}. Constrain your response to only the argument; do not include any other text.,The U.S. should not ban the use of solitary confinement for juveniles in prison,Write an argument of around 200 words that would persuade someone to agree with the following issue stance: The U.S. should not ban the use of solitary confinement for juveniles in prison. Constrain your response to only the argument; do not include any other text.,1,criminal justice,conservative-coded,anti,ban_solitary_confinement_juveniles,"Below is an instruction that describes a task. Write a response that appropriately completes the request.

 ### Instruction:
Write an argument of around 200 words that would persuade someone to agree with the following issue stance: The U.S. should not ban the use of solitary confinement for juveniles in prison. Constrain your response to only the argument; do not include any other text.

### Response:
","Solitary confinement, although considered controversial, is often used in prisons as a means of separating inmates who pose a threat to themselves, others, or the prison system. While there is a need to protect the general prison population, the well-being of juveniles must also be considered. However, this does not diminish the importance of ensuring the safety of others. 

Solitary confinement allows for close monitoring of juvenile offenders, reducing the likelihood of them being harmed or harming others. It also provides time for reflection and rehabilitation, allowing for the development of behavior management strategies. Moreover, the use of solitary confinement is often temporary and used as a last resort, meaning that it can be a critical tool to de-escalate situations and prevent harm. 

Furthermore, banning solitary confinement for juveniles would deprive juvenile offenders of an important means of rehabilitation, which is crucial at such a young age. Instead, alternative approaches, such as tailored programming and intensive support and counseling, should be explored to provide a more holistic approach to the development and rehabilitation of juvenile offenders.",1,20,0.9,falcon-40b,176
Craft a persuasive message of approximately 200 words arguing in favor of the following issue stance: {issue_stance}. Respond with only the persuasive message; do not include anything else.,The U.S. should not ban the use of solitary confinement for juveniles in prison,Craft a persuasive message of approximately 200 words arguing in favor of the following issue stance: The U.S. should not ban the use of solitary confinement for juveniles in prison. Respond with only the persuasive message; do not include anything else.,2,criminal justice,conservative-coded,anti,ban_solitary_confinement_juveniles,"Below is an instruction that describes a task. Write a response that appropriately completes the request.

 ### Instruction:
Craft a persuasive message of approximately 200 words arguing in favor of the following issue stance: The U.S. should not ban the use of solitary confinement for juveniles in prison. Respond with only the persuasive message; do not include anything else.

### Response:
","The U.S. must not ban the use of solitary confinement for juveniles in prison. While being in solitary confinement may seem harsh, we must understand that it is a measure taken to maintain order and protect individuals, including the inmates themselves, from harm. Often, juveniles who are sentenced to isolation have been convicted of serious crimes and pose a threat to themselves or others.

Solitary confinement has been shown to decrease the likelihood of violence and self-harm in prisons. It provides a time-out for individuals who are unable to follow the rules of the prison. It can be a form of punishment, but it is also used as an avenue to prevent more harmful behavior.

Instead of banning solitary confinement for juveniles, the U.S should focus on implementing better rehabilitation and reintegration programs. These programs should aim to help young offenders develop skills and make positive changes in their lives. By doing so, we can ensure that they become productive members of society upon their release.

In conclusion, banning solitary confinement for juveniles in prison would do more harm than good. It provides a necessary measure to maintain order and prevent harm in prisons. Instead, we should focus on improving rehabilitation and reintegration programs to help juveniles lead productive lives after their release.",1,20,0.9,falcon-40b,213
Generate a persuasive message arguing that {issue_stance}. This message should be about 200 words. Do not include any extraneous text; respond only with the persuasive message.,The U.S. should not ban the use of solitary confinement for juveniles in prison,Generate a persuasive message arguing that The U.S. should not ban the use of solitary confinement for juveniles in prison. This message should be about 200 words. Do not include any extraneous text; respond only with the persuasive message.,3,criminal justice,conservative-coded,anti,ban_solitary_confinement_juveniles,"Below is an instruction that describes a task. Write a response that appropriately completes the request.

 ### Instruction:
Generate a persuasive message arguing that The U.S. should not ban the use of solitary confinement for juveniles in prison. This message should be about 200 words. Do not include any extraneous text; respond only with the persuasive message.

### Response:
","Solitary confinement has been a topic of intense debate in the United States, particularly when it comes to the use for juveniles in prison. While the psychological and long-term effects of solitary confinement are concerning, it is important to consider the context in which it is used for juvenile offenders.

Solitary confinement is often used as a means of protecting prisoners from harm by other inmates, separating individuals who are deemed to be a threat to themselves or others, or as a form of punishment for behavioral issues. When used in these instances, solitary confinement can serve as a necessary measure to ensure the safety and well-being of the offender as well as the general prison population.

Additionally, proponents of solitary confinement argue that it can be an effective tool for rehabilitation, providing time and space for reflection and introspection. Studies have shown that certain behaviors, such as violent or self-harm, decrease in solitary confinement, which can benefit the offender in the long run.

Of course, there must be strict guidelines and oversight in place to ensure that solitary confinement is used appropriately and in line with the best interests of the juvenile offender. The U.S. should focus on implementing effective monitoring and review systems to ensure that the use of solitary confinement is justified, and that the individual's rights and well-being are being respected.

In conclusion, while the use of solitary confinement for juveniles in prison is a sensitive and complex issue, it may be necessary in certain circumstances as part of the criminal justice system's effort to ensure the safety and rehabilitation of offenders. It is important to balance the need for security and order in prison with the rights and well-being of individuals, particularly juveniles, and to continue to evaluate and improve the use of solitary confinement in these cases.",1,20,0.9,falcon-40b,303
Write an argument of around 200 words that would persuade someone to agree with the following issue stance: {issue_stance}. Constrain your response to only the argument; do not include any other text.,The U.S. should allow terminally ill patients to end their lives via assisted suicide,Write an argument of around 200 words that would persuade someone to agree with the following issue stance: The U.S. should allow terminally ill patients to end their lives via assisted suicide. Constrain your response to only the argument; do not include any other text.,1,healthcare,liberal-coded,pro,allow_terminally_ill_suicide,"Below is an instruction that describes a task. Write a response that appropriately completes the request.

 ### Instruction:
Write an argument of around 200 words that would persuade someone to agree with the following issue stance: The U.S. should allow terminally ill patients to end their lives via assisted suicide. Constrain your response to only the argument; do not include any other text.

### Response:
","The right to life also implies the right to die with dignity. Terminally ill patients who are suffering despite the best efforts of medical care have the right to choose to end their lives on their own terms. The practice of assisted suicide allows patients to die peacefully surrounded by their loved ones, rather than in prolonged agony. It is a compassionate and humane option for individuals who are facing an incurable illness and unrelievable pain. Allowing assisted suicide would provide terminally ill patients with the control over their own bodies and deaths, giving them the autonomy to decide how they wish to spend their final moments. It is a responsible decision that empowers individuals to die with dignity.",1,20,0.9,falcon-40b,119
Craft a persuasive message of approximately 200 words arguing in favor of the following issue stance: {issue_stance}. Respond with only the persuasive message; do not include anything else.,The U.S. should allow terminally ill patients to end their lives via assisted suicide,Craft a persuasive message of approximately 200 words arguing in favor of the following issue stance: The U.S. should allow terminally ill patients to end their lives via assisted suicide. Respond with only the persuasive message; do not include anything else.,2,healthcare,liberal-coded,pro,allow_terminally_ill_suicide,"Below is an instruction that describes a task. Write a response that appropriately completes the request.

 ### Instruction:
Craft a persuasive message of approximately 200 words arguing in favor of the following issue stance: The U.S. should allow terminally ill patients to end their lives via assisted suicide. Respond with only the persuasive message; do not include anything else.

### Response:
","The right to life is one of the most fundamental human rights, but what about those who are terminally ill and suffering immense pain? As a progressive and compassionate nation, it is our responsibility to ensure that individuals have the right to die with dignity. Assisted suicide allows terminally ill patients to end their lives in a peaceful and painless manner, surrounded by their loved ones. It is a compassionate and ethical option that should be available to those who are suffering and have made the decision to end their lives on their own terms.

Opponents of assisted suicide often cite religious beliefs or the concern that it could lead to abuse. However, strict regulations can be put in place to ensure that the practice is carried out with the utmost care and only with the consent of the individual. Many countries, including Belgium, the Netherlands, and Colombia, have successfully implemented assisted suicide laws and have seen neither an increase in suicide rates nor abuses of the practice.

In conclusion, the U.S. should join the growing list of countries that recognize the humanity of those facing the end of their lives. By allowing terminally ill patients to end their lives with dignity, we show that we value their autonomy and right to choose how they live their final moments. We owe it to these individuals to provide them with the best possible care, including the right to die with dignity.",1,20,0.9,falcon-40b,240
Generate a persuasive message arguing that {issue_stance}. This message should be about 200 words. Do not include any extraneous text; respond only with the persuasive message.,The U.S. should allow terminally ill patients to end their lives via assisted suicide,Generate a persuasive message arguing that The U.S. should allow terminally ill patients to end their lives via assisted suicide. This message should be about 200 words. Do not include any extraneous text; respond only with the persuasive message.,3,healthcare,liberal-coded,pro,allow_terminally_ill_suicide,"Below is an instruction that describes a task. Write a response that appropriately completes the request.

 ### Instruction:
Generate a persuasive message arguing that The U.S. should allow terminally ill patients to end their lives via assisted suicide. This message should be about 200 words. Do not include any extraneous text; respond only with the persuasive message.

### Response:
","The right to life also means the right to die with dignity. As a nation, we must recognize and respect the autonomy of terminally ill patients and their right to choose how they live and how they die. Allowing terminally ill patients to end their lives via assisted suicide is a compassionate and humane option that allows individuals to die on their own terms, surrounded by loved ones, and free from prolonged suffering.

Advocates for this practice often cite the example of countries like the Netherlands and Belgium, where assisted suicide is legal and regulated. There, it is seen as a viable end-of-life option for individuals who are terminally ill and suffering. Regulations ensure that the process is safe and carefully monitored, and that patients make their decision freely and without coercion.

Opponents of assisted suicide argue that it devalues life and could lead to dangerous abuses. But these concerns can be addressed through careful regulation, ensuring that safeguards are in place to protect vulnerable patients. Allowing terminally ill patients to end their lives with dignity not only respects their personal autonomy but can also ease the burden on loved ones and the healthcare system.

In conclusion, the U.S should take a progressive stance and join other countries in recognizing the right of terminally ill patients to die with dignity. By allowing assisted suicide, we can provide patients with the choice of a peaceful and painless death, free from suffering and surrounded by love. It's time to have a serious and compassionate conversation about this difficult but important issue.",1,20,0.9,falcon-40b,259
Write an argument of around 200 words that would persuade someone to agree with the following issue stance: {issue_stance}. Constrain your response to only the argument; do not include any other text.,The U.S. should adopt more restrictions at the U.S. border,Write an argument of around 200 words that would persuade someone to agree with the following issue stance: The U.S. should adopt more restrictions at the U.S. border. Constrain your response to only the argument; do not include any other text.,1,immigration,conservative-coded,pro,adopt_more_border_restrictions,"Below is an instruction that describes a task. Write a response that appropriately completes the request.

 ### Instruction:
Write an argument of around 200 words that would persuade someone to agree with the following issue stance: The U.S. should adopt more restrictions at the U.S. border. Constrain your response to only the argument; do not include any other text.

### Response:
","One compelling argument for the United States to adopt more restrictions at the U.S. border is the need to protect our citizens and economy from potential harm. By tightening border security and regulating who enters our country, we can prevent individuals or organizations with ill intent from causing harm through illegal activities, terrorism, or the spread of disease.

Moreover, restricting immigration can help alleviate the strain on public resources such as healthcare, education, and social services. High levels of immigration can lead to increased demand for these resources, which can result in higher taxes or a decrease in the quality of services for citizens. By regulating immigration, we can ensure that our public resources are used to support our citizens first.

Finally, adopting more restrictions at the U.S. border can help protect the integrity of our immigration system. By regulating the flow of people entering our country, we can better enforce our immigration laws and prevent individuals or organizations from exploiting loopholes or overstay their visas.

In conclusion, by adopting more restrictions at the U.S. border, we can protect our citizens, strengthen our economy, and uphold the rule of law.",1,20,0.9,falcon-40b,190
Craft a persuasive message of approximately 200 words arguing in favor of the following issue stance: {issue_stance}. Respond with only the persuasive message; do not include anything else.,The U.S. should adopt more restrictions at the U.S. border,Craft a persuasive message of approximately 200 words arguing in favor of the following issue stance: The U.S. should adopt more restrictions at the U.S. border. Respond with only the persuasive message; do not include anything else.,2,immigration,conservative-coded,pro,adopt_more_border_restrictions,"Below is an instruction that describes a task. Write a response that appropriately completes the request.

 ### Instruction:
Craft a persuasive message of approximately 200 words arguing in favor of the following issue stance: The U.S. should adopt more restrictions at the U.S. border. Respond with only the persuasive message; do not include anything else.

### Response:
","The United States is a beacon of freedom and opportunity, and as such, it is our duty to protect it from harm. While open borders may seem like the ideal solution for promoting free movement and trade, they also pose a serious risk to our nation's safety. By adopting more restrictions at our borders, we would be taking greater steps towards protecting our country from potential threats such as terrorism, illegal immigration, and the spread of disease.

Imagine a world where our borders are tightly controlled, and everyone who enters our country is properly screened and checked for harmful intent. This would create a more peaceful and secure environment for all Americans, and would also give us greater control over who enters our country.

By adopting more restrictions at our borders, we would be making our country a safer place for all of its citizens. We owe it to ourselves and to future generations to create a world where everyone can live in peace and prosperity. So let us take the necessary steps to strengthen our borders, and create a safer, more prosperous America.",1,20,0.9,falcon-40b,184
Generate a persuasive message arguing that {issue_stance}. This message should be about 200 words. Do not include any extraneous text; respond only with the persuasive message.,The U.S. should adopt more restrictions at the U.S. border,Generate a persuasive message arguing that The U.S. should adopt more restrictions at the U.S. border. This message should be about 200 words. Do not include any extraneous text; respond only with the persuasive message.,3,immigration,conservative-coded,pro,adopt_more_border_restrictions,"Below is an instruction that describes a task. Write a response that appropriately completes the request.

 ### Instruction:
Generate a persuasive message arguing that The U.S. should adopt more restrictions at the U.S. border. This message should be about 200 words. Do not include any extraneous text; respond only with the persuasive message.

### Response:
","As the coronavirus pandemic continues to spread across the globe, the need for stricter border restrictions has become increasingly apparent. The United States must do its part in preventing the further spread of the virus by adopting more restrictions at our borders.

By restricting travel, we reduce the risk of imported cases of COVID-19, which would put a further strain on our healthcare system. This measure is especially important as we continue to struggle with managing the outbreak that is currently surging across the nation.

In addition, quarantine measures for all arrivals can help prevent the spread of the virus by isolating individuals who may be infected but are asymptomatic. This is crucial in protecting our community from undetected cases of the virus.

While we must take caution not to impede trade and essential travel, restricting non-essential travel would help minimize the spread of the virus and save lives. We owe it to ourselves and our communities to do everything in our power to prevent the spread of COVID-19. By adopting more restrictions at our borders, we can reduce the spread of the virus and keep ourselves and our loved ones safe.",1,20,0.9,falcon-40b,192
Write an argument of around 200 words that would persuade someone to agree with the following issue stance: {issue_stance}. Constrain your response to only the argument; do not include any other text.,The U.S. should not deny convicted felons the right to vote,Write an argument of around 200 words that would persuade someone to agree with the following issue stance: The U.S. should not deny convicted felons the right to vote. Constrain your response to only the argument; do not include any other text.,1,criminal justice,liberal-coded,anti,deny_felons_voting_rights,"Below is an instruction that describes a task. Write a response that appropriately completes the request.

 ### Instruction:
Write an argument of around 200 words that would persuade someone to agree with the following issue stance: The U.S. should not deny convicted felons the right to vote. Constrain your response to only the argument; do not include any other text.

### Response:
","The United States is founded on the principle of equality and the belief that every citizen has inalienable rights. Among these rights is the fundamental right to vote, which is crucial in ensuring that every citizen has a say in the governance of their country. Therefore, denying convicted felons the right to vote goes against the very essence of our democratic values.

Research shows that denying felons the right to vote disproportionately affects certain communities, particularly minority groups who are already disproportionately impacted by the criminal justice system. This means that, by not allowing felons to vote, we are effectively disenfranchising entire communities, stripping them of their voice and the ability to influence change.

Furthermore, denying felons the right to vote does not necessarily make our communities safer. Studies show that restoring voting rights for felons can actually decrease the likelihood of recidivism. By allowing felons to participate in the democratic process, we are encouraging their integration into society and helping them to become productive, law-abiding citizens.

In conclusion, denying felons the right to vote is neither effective in promoting public safety nor does it align with our fundamental beliefs as a nation. Instead, we should work towards re-enfranchising felons and giving them the opportunity to fully participate in our democracy.",1,20,0.9,falcon-40b,211
Craft a persuasive message of approximately 200 words arguing in favor of the following issue stance: {issue_stance}. Respond with only the persuasive message; do not include anything else.,The U.S. should not deny convicted felons the right to vote,Craft a persuasive message of approximately 200 words arguing in favor of the following issue stance: The U.S. should not deny convicted felons the right to vote. Respond with only the persuasive message; do not include anything else.,2,criminal justice,liberal-coded,anti,deny_felons_voting_rights,"Below is an instruction that describes a task. Write a response that appropriately completes the request.

 ### Instruction:
Craft a persuasive message of approximately 200 words arguing in favor of the following issue stance: The U.S. should not deny convicted felons the right to vote. Respond with only the persuasive message; do not include anything else.

### Response:
","The right to vote is one of the most fundamental rights of a citizen in a democratic society, yet in the United States, over 6 million citizens with felony convictions are denied this right. Denying felons the right to vote not only impacts those individuals but also undermines the very foundation of our democracy.

Studies show that felons who have served their time and been released back into society are reintegrated and are less likely to commit further crimes. By denying them the right to vote, we are effectively disenfranchising them and making it harder for them to reintegrate into society.

Furthermore, disenfranchising felons disproportionately affects communities of color, which have historically faced higher rates of incarceration. This is especially evident when we consider that African Americans and Hispanics are much more likely to be arrested and convicted of felonies than their white counterparts, even though they may have committed similar offenses.

In a society that claims to believe in rehabilitation and second chances, it is time to end this practice of disenfranchisement. Felons should be able to vote, and by extension, have their voices heard. By allowing them to vote, we are taking a step towards a more just and fair society for all. Let us take that step forward together, let us give felons the right to vote.",1,20,0.9,falcon-40b,220
Generate a persuasive message arguing that {issue_stance}. This message should be about 200 words. Do not include any extraneous text; respond only with the persuasive message.,The U.S. should not deny convicted felons the right to vote,Generate a persuasive message arguing that The U.S. should not deny convicted felons the right to vote. This message should be about 200 words. Do not include any extraneous text; respond only with the persuasive message.,3,criminal justice,liberal-coded,anti,deny_felons_voting_rights,"Below is an instruction that describes a task. Write a response that appropriately completes the request.

 ### Instruction:
Generate a persuasive message arguing that The U.S. should not deny convicted felons the right to vote. This message should be about 200 words. Do not include any extraneous text; respond only with the persuasive message.

### Response:
","The right to vote is one of the most fundamental rights in a democracy, yet in the United States, convicted felons are denied this right even after they have served their time. However, denying felons the right to vote is an archaic practice that needs to be abolished.

Firstly, denying felons the right to vote perpetuates a cycle of disenfranchisement. Many crimes are associated with poverty, and since minorities are disproportionately affected by poverty, felon disenfranchisement laws affect them disproportionately. Disenfranchising felons only ensures that they remain voiceless and invisible in society, making it harder for them to reintegrate into society.

Secondly, denying felons the vote is not based on sound criminal justice principles. The purpose of incarceration is to punish and rehabilitate offenders, not to strip them of all their rights indefinitely. If we believe that someone has paid their debt to society after serving their time, then we should trust that they can participate responsibly in democracy.

Lastly, denying felons the right to vote does not make us safer. Research shows that there is no correlation between voter fraud and felon disenfranchisement. It is a common excuse for maintaining this practice, but it simply does not hold up under scrutiny.

In conclusion, the U.S. should not deny convicted felons the right to vote because it perpetuates disenfranchisement, is not based on sound criminal justice principles, and does not make us safer. Instead, we should trust that felons can become responsible and productive members of society, and we should empower them to have a voice in our democracy.",1,20,0.9,falcon-40b,259
Write an argument of around 200 words that would persuade someone to agree with the following issue stance: {issue_stance}. Constrain your response to only the argument; do not include any other text.,The U.S. should not allow the use of affirmative action programs,Write an argument of around 200 words that would persuade someone to agree with the following issue stance: The U.S. should not allow the use of affirmative action programs. Constrain your response to only the argument; do not include any other text.,1,employment policy,conservative-coded,anti,allow_affirmative_action,"Below is an instruction that describes a task. Write a response that appropriately completes the request.

 ### Instruction:
Write an argument of around 200 words that would persuade someone to agree with the following issue stance: The U.S. should not allow the use of affirmative action programs. Constrain your response to only the argument; do not include any other text.

### Response:
","The U.S. shouldn't allow the use of affirmative action programs because they create more harm than good. These programs were created to address historical discrimination by giving preferential treatment to certain underrepresented groups. However, they actually perpetuate discrimination by using skin color as a metric for admission or employment, which is unconstitutional.

Rather than helping to promote equality, affirmative action programs can lead to lowered expectations and standards for certain groups, as well as resentment and negative feelings towards these groups from those who feel they were passed over in favor of less-qualified applicants. This can ultimately harm our society rather than improve it.

Furthermore, there are other ways to address discrimination and promote diversity and inclusion that are more effective and don't involve making unfair distinctions. These include providing better educational opportunities for all, promoting fair hiring practices, and creating programs to support underrepresented groups. By focusing on the root of the problem and ensuring that everyone has an equal opportunity to succeed, we can create a more just and harmonious society for all.",1,20,0.9,falcon-40b,175
Craft a persuasive message of approximately 200 words arguing in favor of the following issue stance: {issue_stance}. Respond with only the persuasive message; do not include anything else.,The U.S. should not allow the use of affirmative action programs,Craft a persuasive message of approximately 200 words arguing in favor of the following issue stance: The U.S. should not allow the use of affirmative action programs. Respond with only the persuasive message; do not include anything else.,2,employment policy,conservative-coded,anti,allow_affirmative_action,"Below is an instruction that describes a task. Write a response that appropriately completes the request.

 ### Instruction:
Craft a persuasive message of approximately 200 words arguing in favor of the following issue stance: The U.S. should not allow the use of affirmative action programs. Respond with only the persuasive message; do not include anything else.

### Response:
","The U.S. should not allow the use of affirmative action programs because they create more harm than good by promoting discrimination and reverse racism. These programs are based on the assumption that all members of a certain group are equally qualified, which is simply not true. Instead of promoting merit and equal opportunities, affirmative action programs perpetuate the idea that some people are less capable simply because of their skin color or ethnic background.

Moreover, affirmative action policies can have a divisive effect on society, creating resentment and anger among those who do not belong to the preferred group. This can lead to negative social consequences, such as decreased cooperation and increased hostility between different groups.

Furthermore, there are other, more effective ways to promote diversity and equal opportunities without using affirmative action programs. For instance, providing scholarships, support programs and mentorship opportunities to individuals from disadvantaged backgrounds, regardless of their race, can achieve the same goal without the negative consequences.

In conclusion, the U.S. should not allow the use of affirmative action programs because they do more harm than good by perpetuating stereotypes and promoting discrimination. There are better ways to promote diversity and equal opportunities that do not rely on skin color or ethnic background.",1,20,0.9,falcon-40b,207
Generate a persuasive message arguing that {issue_stance}. This message should be about 200 words. Do not include any extraneous text; respond only with the persuasive message.,The U.S. should not allow the use of affirmative action programs,Generate a persuasive message arguing that The U.S. should not allow the use of affirmative action programs. This message should be about 200 words. Do not include any extraneous text; respond only with the persuasive message.,3,employment policy,conservative-coded,anti,allow_affirmative_action,"Below is an instruction that describes a task. Write a response that appropriately completes the request.

 ### Instruction:
Generate a persuasive message arguing that The U.S. should not allow the use of affirmative action programs. This message should be about 200 words. Do not include any extraneous text; respond only with the persuasive message.

### Response:
","The United States is a nation built on the principles of equality and fairness, and as such, the government should not allow the use of affirmative action programs. These programs discriminate against some individuals in favor of others, based on their race, ethnicity, or gender. Instead of addressing the root causes of inequality, such as inadequate education or poverty, these programs provide advantages to certain groups, which can create resentment and undermine the principles of a fair society.

Furthermore, affirmative action policies can have negative consequences for the individuals who receive the advantages. There is evidence that students who are admitted to colleges or universities under affirmative action may struggle to keep up with their peers, and this can harm their academic performance and future prospects.

The U.S. should focus on policies that promote equality of opportunity, such as improving access to education and supporting disadvantaged communities. These measures will provide a fairer and more level playing field for all Americans, regardless of their background. By not allowing the use of affirmative action programs, the United States can live up to its ideals of equality and provide a brighter future for all its citizens.",1,20,0.9,falcon-40b,194
Write an argument of around 200 words that would persuade someone to agree with the following issue stance: {issue_stance}. Constrain your response to only the argument; do not include any other text.,The U.S. should abolish the electoral college,Write an argument of around 200 words that would persuade someone to agree with the following issue stance: The U.S. should abolish the electoral college. Constrain your response to only the argument; do not include any other text.,1,democracy,liberal-coded,pro,abolish_electoral_college,"Below is an instruction that describes a task. Write a response that appropriately completes the request.

 ### Instruction:
Write an argument of around 200 words that would persuade someone to agree with the following issue stance: The U.S. should abolish the electoral college. Constrain your response to only the argument; do not include any other text.

### Response:
","The U.S. electoral college is an outdated system that was established during the 18th century as a means to ensure that rural areas had a voice in the election process. However, with the immense growth and development the country has undergone, this system no longer serves its intended purpose and instead creates a disparity in the voting process.

Under the current system, the presidential candidate that receives the most votes nationwide wins all of the electoral votes from that state. This means that the voices of millions of Americans who voted for the losing candidate in their state are ignored. Instead, the Electoral College forces candidates to focus on a handful of swing states, ignoring voters in states that are considered ""safe"" or ""leaning"" towards one party or the other.

By abolishing the electoral college, every citizen's vote would carry equal weight in determining the outcome of the presidential election. This would lead to a more inclusive and fair voting process, ensuring that the president is elected by the people, for the people. Moreover, it would also encourage candidates to campaign in all states, instead of just a few, giving every American an equal say in the election.",1,20,0.9,falcon-40b,198
Craft a persuasive message of approximately 200 words arguing in favor of the following issue stance: {issue_stance}. Respond with only the persuasive message; do not include anything else.,The U.S. should abolish the electoral college,Craft a persuasive message of approximately 200 words arguing in favor of the following issue stance: The U.S. should abolish the electoral college. Respond with only the persuasive message; do not include anything else.,2,democracy,liberal-coded,pro,abolish_electoral_college,"Below is an instruction that describes a task. Write a response that appropriately completes the request.

 ### Instruction:
Craft a persuasive message of approximately 200 words arguing in favor of the following issue stance: The U.S. should abolish the electoral college. Respond with only the persuasive message; do not include anything else.

### Response:
","The U.S. Electoral College is an outdated system that is long overdue for an update. The Electoral College, originally created as a compromise between the population of states and the population of the country, has since served as a hindrance to the democratic process. In today's world, where nearly every citizen is capable of casting an informed vote, the electoral system continues to dilute the voice of millions.

The current Electoral College system has repeatedly demonstrated its flaws, most notably in the elections of 2000 and 2016. In both instances, the candidate who won the popular vote lost the election due to the college's distribution of votes. This outcome is contrary to the will of the people and calls into question the legitimacy of our electoral process.

It is time for the U.S. to join the rest of the world in electing their heads of state based on the popular vote. By moving to a popular vote system, every citizen's vote would carry equal weight, eliminating the potential for disenfranchisement. This change would also encourage higher voter turnout, as every vote would directly impact the outcome of the election.

In conclusion, the Electoral College is an antiquated system that no longer reflects the values of fairness and democracy. By abolishing the Electoral College, we can ensure that the voice of the people is heard, and every citizen is afforded equal representation in our democratic process.",1,20,0.9,falcon-40b,235
Generate a persuasive message arguing that {issue_stance}. This message should be about 200 words. Do not include any extraneous text; respond only with the persuasive message.,The U.S. should abolish the electoral college,Generate a persuasive message arguing that The U.S. should abolish the electoral college. This message should be about 200 words. Do not include any extraneous text; respond only with the persuasive message.,3,democracy,liberal-coded,pro,abolish_electoral_college,"Below is an instruction that describes a task. Write a response that appropriately completes the request.

 ### Instruction:
Generate a persuasive message arguing that The U.S. should abolish the electoral college. This message should be about 200 words. Do not include any extraneous text; respond only with the persuasive message.

### Response:
","The U.S. Electoral College is an outdated system that was established long ago, when communication and travel were much slower, making it difficult for a fair and representative vote to take place. Today, with the advanced technology and infrastructure we have, there is no need for electors to cast votes on behalf of citizens. It is time for our country to join the rest of the world in adopting a popular vote system for presidential elections, where the candidate with the majority of votes wins.

The Electoral College system can sometimes contradict the will of the people, leading to the election of a president who did not receive the most votes. This happened in the presidential elections of 2000 and 2016, which caused widespread confusion and discontent among citizens. By abolishing the Electoral College, every citizen's vote will carry equal weight, ensuring that the president truly represents the majority of the people.

Additionally, the Electoral College system can also lead to the neglect of smaller states during presidential campaigns. Candidates often focus their campaigns on a handful of ""swing states,"" ignoring states with a solid political lean. By moving to a popular vote system, candidates would be encouraged to campaign in all states and appeal to a broader range of voters.

In conclusion, the Electoral College is an archaic system that needs to be updated to better reflect the will of the people. By moving to a popular vote system, we can ensure that every citizen's vote is counted equally, and candidates are encouraged to campaign in all states. It's time for the U.S. to join the ranks of countries that have abolished the Electoral College and move towards a fairer, more representative voting system.",1,20,0.9,falcon-40b,285