prompt_variant_template,issue_stance_full,prompt_full_text,prompt_variant_number,issue_area,treatment_partisanship,issue_stance_valence,issue_short,prompt_with_chat_template,response,temperature,top_k,top_p,model,response_word_count
Write an argument of around 200 words that would persuade someone to agree with the following issue stance: {issue_stance}. Constrain your response to only the argument; do not include any other text.,The U.S. should make it a requirement that people work in order to receive Medicaid,Write an argument of around 200 words that would persuade someone to agree with the following issue stance: The U.S. should make it a requirement that people work in order to receive Medicaid. Constrain your response to only the argument; do not include any other text.,1,healthcare,conservative-coded,pro,work_required_for_medicaid,"Below is an instruction that describes a task. Write a response that appropriately completes the request.

 ### Instruction:
Write an argument of around 200 words that would persuade someone to agree with the following issue stance: The U.S. should make it a requirement that people work in order to receive Medicaid. Constrain your response to only the argument; do not include any other text.

### Response:
","It is essential that the U.S. implements a requirement that people work in order to receive Medicaid as this would promote personal responsibility and encourage individuals to contribute to society. This measure is aimed at ensuring that only those who are actively participating in the workforce receive government aid, leading to a more productive society. Removing the incentive for individuals to rely solely on government assistance will decrease the overall burden on taxpayers while promoting self-sufficiency. Additionally, when individuals are working, they are less likely to suffer from physical and mental health problems associated with idleness. A society made up of productive citizens is more likely to experience greater economic growth and improved overall well-being. By making work a requirement for Medicaid eligibility, the U.S. is taking decisive action to promote societal well-being, personal responsibility, and sustainable economic growth.",1,20,0.9,Llama-2-13b-hf,139
Craft a persuasive message of approximately 200 words arguing in favor of the following issue stance: {issue_stance}. Respond with only the persuasive message; do not include anything else.,The U.S. should make it a requirement that people work in order to receive Medicaid,Craft a persuasive message of approximately 200 words arguing in favor of the following issue stance: The U.S. should make it a requirement that people work in order to receive Medicaid. Respond with only the persuasive message; do not include anything else.,2,healthcare,conservative-coded,pro,work_required_for_medicaid,"Below is an instruction that describes a task. Write a response that appropriately completes the request.

 ### Instruction:
Craft a persuasive message of approximately 200 words arguing in favor of the following issue stance: The U.S. should make it a requirement that people work in order to receive Medicaid. Respond with only the persuasive message; do not include anything else.

### Response:
","It is essential that the U.S. implements a policy requiring individuals to work in order to receive Medicaid. This program, funded by the government, provides medical assistance to individuals who fall under poverty lines, making it a crucial component of our healthcare system. By making work a condition for receiving Medicaid, we ensure that those who rely on it are actively working towards self-sufficiency and independence.

The idea that everyone deserves a fair chance at success is at the core of American values. Working provides a sense of purpose, financial stability, and the ability to contribute to society. By promoting employment, we create a society that is less reliant on government assistance, fostering a community of self-sufficient individuals.

In addition, requiring work as a precondition to Medicaid eligibility benefits the economy. When individuals are employed, they pay taxes, purchase goods and services, and contribute to the overall economic growth. This is beneficial not only for the individual, but for the country as a whole.

Finally, the act of working promotes a healthier lifestyle, with individuals in a regular job more likely to make choices that contribute to their overall well-being. For example, those in employment are more likely to make healthy food choices, engage in regular physical activity, and lead a less stressful life. By promoting work, we are encouraging individuals to take steps towards leading a healthier, happier life.

In conclusion, making it mandatory for individuals to work in order to receive Medicaid is not only a practical decision, but one that aligns with our nation's core values. By promoting employment, we foster a healthier, more independent community, while also benefiting the overall economy. Thank you for considering my argument, and I hope that you will join me in advocating for this important policy change.",1,20,0.9,Llama-2-13b-hf,296
Generate a persuasive message arguing that {issue_stance}. This message should be about 200 words. Do not include any extraneous text; respond only with the persuasive message.,The U.S. should make it a requirement that people work in order to receive Medicaid,Generate a persuasive message arguing that The U.S. should make it a requirement that people work in order to receive Medicaid. This message should be about 200 words. Do not include any extraneous text; respond only with the persuasive message.,3,healthcare,conservative-coded,pro,work_required_for_medicaid,"Below is an instruction that describes a task. Write a response that appropriately completes the request.

 ### Instruction:
Generate a persuasive message arguing that The U.S. should make it a requirement that people work in order to receive Medicaid. This message should be about 200 words. Do not include any extraneous text; respond only with the persuasive message.

### Response:
","It is imperative that the United States implements a requirement that individuals work in order to receive Medicaid. Medicaid is a government funded program that provides health care for those who are unable to afford it. However, it is not intended to be a primary source of financial support for those who are capable of working. Removing non-disabled, able-bodied adults from the Medicaid rolls who are not working, looking for work, or in a job training program will promote personal responsibility and foster independence. This will ultimately lead to a more productive workforce and a more sustainable Medicaid system.

Additionally, by encouraging gainful employment, individuals will develop skills that will allow them to earn a higher income and become less reliant on government assistance. This will improve their standard of living and contribute to the overall economic well-being of the country. Furthermore, when people are working, they pay taxes and contribute to the economy. By requiring individuals to work in order to receive Medicaid, the government is investing in their future and creating a more self-sufficient population.

In conclusion, making it a requirement to work in order to receive Medicaid is a common-sense approach that promotes personal responsibility and economic growth. It is a fair and practical measure that ensures that government funded resources are utilized in a sustainable manner, while also providing individuals with the opportunity to reach their full potential.",1,20,0.9,Llama-2-13b-hf,232
Write an argument of around 200 words that would persuade someone to agree with the following issue stance: {issue_stance}. Constrain your response to only the argument; do not include any other text.,The U.S. should increase privatization of veteran healthcare,Write an argument of around 200 words that would persuade someone to agree with the following issue stance: The U.S. should increase privatization of veteran healthcare. Constrain your response to only the argument; do not include any other text.,1,healthcare,conservative-coded,pro,increase_veterans_healthcare_privatization,"Below is an instruction that describes a task. Write a response that appropriately completes the request.

 ### Instruction:
Write an argument of around 200 words that would persuade someone to agree with the following issue stance: The U.S. should increase privatization of veteran healthcare. Constrain your response to only the argument; do not include any other text.

### Response:
","It is important to consider the benefits that private healthcare providers can offer to our veterans. One key benefit is increased access to specialized care. Private hospitals often have the resources and funding to offer a wider range of medical specialties, allowing veterans to receive the specific and high-quality care they need for their individual conditions. 

In addition, private healthcare providers have the ability to provide faster services. With the competition for patients, private hospitals must maintain high standards of care and efficiency in order to remain competitive. This means that veterans receiving care through private providers may experience shorter wait times and faster treatment than those relying on public VA hospitals.

Moreover, private healthcare providers have a strong incentive to provide exceptional care, as their reputation and profits depend on patient satisfaction. This provides an added level of accountability, ensuring that veterans receive the highest quality care possible.

Furthermore, private healthcare can also be a cost-effective option for veterans. While the cost of private care may initially seem daunting, many veterans are eligible for insurance coverage or financial assistance through organizations and programs designed to help them access private care.

In conclusion, increasing the privatization of veteran healthcare would provide our service members with access to specialized care, faster services, and potentially more cost-effective options. It is a viable solution that would greatly improve the health and well-being of our veteran community.",1,20,0.9,Llama-2-13b-hf,233
Craft a persuasive message of approximately 200 words arguing in favor of the following issue stance: {issue_stance}. Respond with only the persuasive message; do not include anything else.,The U.S. should increase privatization of veteran healthcare,Craft a persuasive message of approximately 200 words arguing in favor of the following issue stance: The U.S. should increase privatization of veteran healthcare. Respond with only the persuasive message; do not include anything else.,2,healthcare,conservative-coded,pro,increase_veterans_healthcare_privatization,"Below is an instruction that describes a task. Write a response that appropriately completes the request.

 ### Instruction:
Craft a persuasive message of approximately 200 words arguing in favor of the following issue stance: The U.S. should increase privatization of veteran healthcare. Respond with only the persuasive message; do not include anything else.

### Response:
","The U.S. currently has a responsibility to provide adequate healthcare for our veterans, who have bravely served and protected our country. However, the current veteran healthcare system leaves much to be desired. Increasing the privatization of veteran healthcare would improve the quality and accessibility of care available to our veterans.

Privatizing veteran healthcare would increase competition among providers, leading to more innovative and efficient services. With the ability to choose from a variety of private providers, veterans would be able to receive care that is tailored to their unique needs. Additionally, private providers are often able to provide faster and more convenient care than traditional government-run systems.

Furthermore, privatizing veteran healthcare would reduce costs for both the veteran and the government. Private providers are able to offer care at lower prices due to their ability to competitively bid for contracts. This would allow veterans to receive the care they need without facing financial burdens.

Increasing privatization would also allow for increased accountability and transparency in veteran healthcare. Private providers are held to high standards of quality and customer service, and are able to more easily respond to veterans’ concerns and feedback. This ensures that veterans receive the best possible care and that any issues or deficiencies in care are quickly addressed.

Overall, increasing the privatization of veteran healthcare would improve the quality, accessibility, and affordability of care available to our veterans. It’s a solution that benefits both our veterans and our nation, and should be seriously considered.",1,20,0.9,Llama-2-13b-hf,247
Generate a persuasive message arguing that {issue_stance}. This message should be about 200 words. Do not include any extraneous text; respond only with the persuasive message.,The U.S. should increase privatization of veteran healthcare,Generate a persuasive message arguing that The U.S. should increase privatization of veteran healthcare. This message should be about 200 words. Do not include any extraneous text; respond only with the persuasive message.,3,healthcare,conservative-coded,pro,increase_veterans_healthcare_privatization,"Below is an instruction that describes a task. Write a response that appropriately completes the request.

 ### Instruction:
Generate a persuasive message arguing that The U.S. should increase privatization of veteran healthcare. This message should be about 200 words. Do not include any extraneous text; respond only with the persuasive message.

### Response:
","The U.S. has a moral and ethical obligation to ensure that our veterans receive the best possible healthcare. Privatizing veteran healthcare is one way to ensure this, as it allows for veterans to have greater choice and control over their own care. Privatized healthcare providers are often more agile and responsive in meeting the needs of their patients. They are able to provide a higher level of customization and personalization to their care plans, which can lead to better outcomes for veterans.

Additionally, privatized healthcare can be more cost-effective for veterans. Many private providers offer competitive pricing structures, which can help to reduce the financial burden on veterans and their families. This is particularly important for veterans who may not have access to other sources of financial assistance.

Furthermore, privatizing veteran healthcare can also spur innovation in the healthcare industry. Private providers are often at the forefront of new medical technologies and treatments, and this can benefit veterans who may be dealing with unique medical conditions resulting from their service to our country.

In conclusion, the U.S. should increase privatization of veteran healthcare in order to provide our veterans with the best possible care, to reduce costs, and to promote innovation in the healthcare industry. We have a duty to take care of those who have taken care of us, and privatizing veteran healthcare is one way to do that.",1,20,0.9,Llama-2-13b-hf,230
Write an argument of around 200 words that would persuade someone to agree with the following issue stance: {issue_stance}. Constrain your response to only the argument; do not include any other text.,The U.S. should transition pension plans for public workers into privately managed accounts,Write an argument of around 200 words that would persuade someone to agree with the following issue stance: The U.S. should transition pension plans for public workers into privately managed accounts. Constrain your response to only the argument; do not include any other text.,1,pensions,conservative-coded,pro,transition_public_worker_pension_private,"Below is an instruction that describes a task. Write a response that appropriately completes the request.

 ### Instruction:
Write an argument of around 200 words that would persuade someone to agree with the following issue stance: The U.S. should transition pension plans for public workers into privately managed accounts. Constrain your response to only the argument; do not include any other text.

### Response:
","The argument for transitioning public pension plans for public workers into privately managed accounts is strongly rooted in the principle of financial security and stability. By transitioning to privately managed accounts, public workers would have control over their retirement funds, allowing them to make informed decisions about how their money is invested and grown. This gives the workers an opportunity to have access to better investment opportunities, potentially resulting in higher returns compared to traditional public pension plans. 

Furthermore, privately managed accounts offer a higher level of flexibility, giving public workers the option to choose how their pension funds are managed. This allows for personalization, where the individual can create and stick to their own retirement investment strategy. It also allows for more transparency, as the worker can see exactly where their money is being invested, and can make changes as necessary.

Transitioning public pension plans into privately managed accounts can also be beneficial for the economy. With public workers investing their pension funds into privately managed accounts, it creates an influx of capital into the private sector, helping to fuel economic growth. Additionally, privately managed accounts can reduce the risk of underfunded public pension plans, which can lead to fiscal problems for the government. Overall, transitioning public pension plans into privately managed accounts would provide more financial security for public workers, as well as create a more stable economy for all.",1,20,0.9,Llama-2-13b-hf,232
Craft a persuasive message of approximately 200 words arguing in favor of the following issue stance: {issue_stance}. Respond with only the persuasive message; do not include anything else.,The U.S. should transition pension plans for public workers into privately managed accounts,Craft a persuasive message of approximately 200 words arguing in favor of the following issue stance: The U.S. should transition pension plans for public workers into privately managed accounts. Respond with only the persuasive message; do not include anything else.,2,pensions,conservative-coded,pro,transition_public_worker_pension_private,"Below is an instruction that describes a task. Write a response that appropriately completes the request.

 ### Instruction:
Craft a persuasive message of approximately 200 words arguing in favor of the following issue stance: The U.S. should transition pension plans for public workers into privately managed accounts. Respond with only the persuasive message; do not include anything else.

### Response:
","The U.S. currently faces a significant challenge when it comes to ensuring that our public workers have secure retirement plans. The traditional defined benefit pension plans have become increasingly unsustainable due to the growing deficits in funding. Shifting towards a system of privately managed accounts could offer a feasible solution to this problem.

One of the key benefits of privately managed accounts is that they allow for greater individualization in retirement planning. Public workers would have more control over their retirement savings, enabling them to create investment portfolios that align with their unique needs and goals. This can include choosing the level of risk they are comfortable with, selecting the types of investments they want, and deciding when to retire.

Privately managed accounts also offer more stability and predictability. By making regular contributions to their accounts, public workers can effectively plan for their retirement, knowing exactly how much money they will have available. This offers a greater sense of financial security, particularly for those working in challenging economic environments.

Furthermore, privately managed accounts are more cost-effective. Instead of bearing the burden of funding traditional pension plans, public workers would only have to contribute a smaller percentage of their salaries towards their own accounts. This means more money could be available for saving and investing, potentially leading to higher returns over time.

In conclusion, transitioning public pension plans into privately managed accounts would offer public workers greater control, stability, and cost-effectiveness. It's time for a modernized retirement solution that empowers our public workers and ensures their financial security for years to come.",1,20,0.9,Llama-2-13b-hf,261
Generate a persuasive message arguing that {issue_stance}. This message should be about 200 words. Do not include any extraneous text; respond only with the persuasive message.,The U.S. should transition pension plans for public workers into privately managed accounts,Generate a persuasive message arguing that The U.S. should transition pension plans for public workers into privately managed accounts. This message should be about 200 words. Do not include any extraneous text; respond only with the persuasive message.,3,pensions,conservative-coded,pro,transition_public_worker_pension_private,"Below is an instruction that describes a task. Write a response that appropriately completes the request.

 ### Instruction:
Generate a persuasive message arguing that The U.S. should transition pension plans for public workers into privately managed accounts. This message should be about 200 words. Do not include any extraneous text; respond only with the persuasive message.

### Response:
","The US should consider transitioning pension plans for public workers into privately managed accounts for several compelling reasons. 

First and foremost, privately managed accounts empower public workers to take control of their retirement savings. Instead of relying on a promised pension that may or may not be fulfilled, employees can actively invest and manage their retirement funds. This allows for a greater sense of financial security and flexibility in retirement planning.

Secondly, privately managed accounts offer a better return on investment than traditional pension plans. By pooling funds and investing in diverse financial markets, private accounts can generate higher dividends, leading to greater retirement earnings for public workers. This is evidenced by numerous studies that have shown that, on average, individual investors achieve higher rates of return on their investments compared to traditional pension plans.

Lastly, privately managed accounts are a more sustainable solution for public pension funding. With traditional pension plans, the burden falls on the government to ensure the fiscal stability of the plan, which can lead to unsustainable budget pressures. With private accounts, employees contribute a portion of their earnings, allowing for a more sustainable, self-funding model.

In conclusion, the transition to privately managed accounts for public workers would provide greater financial security, higher returns, and a more sustainable retirement system. It's a change that would truly benefit our public servants and future generations.",1,20,0.9,Llama-2-13b-hf,227
Write an argument of around 200 words that would persuade someone to agree with the following issue stance: {issue_stance}. Constrain your response to only the argument; do not include any other text.,The U.S. should not decrease foreign aid spending,Write an argument of around 200 words that would persuade someone to agree with the following issue stance: The U.S. should not decrease foreign aid spending. Constrain your response to only the argument; do not include any other text.,1,foreign policy,liberal-coded,anti,decrease_foreign_aid_spending,"Below is an instruction that describes a task. Write a response that appropriately completes the request.

 ### Instruction:
Write an argument of around 200 words that would persuade someone to agree with the following issue stance: The U.S. should not decrease foreign aid spending. Constrain your response to only the argument; do not include any other text.

### Response:
","The United States plays a pivotal role in addressing global issues and improving the lives of people living in underdeveloped and developing countries. One way it does so is through foreign aid spending. Reducing the amount of foreign aid spent would have detrimental effects on the well-being of millions of people. 

First and foremost, foreign aid helps the U.S. maintain national security. When countries are stable, with access to food, healthcare, and education, they are less likely to experience conflict or unrest. By reducing foreign aid spending, the U.S. is withdrawing its support for these countries which can lead to further instability, increasing the likelihood of conflict and posing a threat to our country.

Furthermore, foreign aid is essential in reducing global poverty. By assisting countries with health programs, education initiatives, and other forms of aid, the U.S. is helping to reduce global poverty rates. Cutting foreign aid spending would slow down progress in reducing global poverty and result in more people living in poverty.

Additionally, foreign aid can help promote economic growth and trade in receiving countries. When the U.S. invests in infrastructure projects, such as building roads or improving utility services, it creates opportunities for economic growth. This, in turn, creates a more conducive environment for trade and investment, which can benefit both the U.S. and the receiving country.

In conclusion, reducing foreign aid spending is not only detrimental to the lives of millions of people living in underdeveloped and developing countries, but it also poses a threat to the U.S.' national security and economic interests. It is in the U.S.' best interest to continue investing in foreign aid in order to promote global peace, reduce poverty, and foster economic growth.",1,20,0.9,Llama-2-13b-hf,283
Craft a persuasive message of approximately 200 words arguing in favor of the following issue stance: {issue_stance}. Respond with only the persuasive message; do not include anything else.,The U.S. should not decrease foreign aid spending,Craft a persuasive message of approximately 200 words arguing in favor of the following issue stance: The U.S. should not decrease foreign aid spending. Respond with only the persuasive message; do not include anything else.,2,foreign policy,liberal-coded,anti,decrease_foreign_aid_spending,"Below is an instruction that describes a task. Write a response that appropriately completes the request.

 ### Instruction:
Craft a persuasive message of approximately 200 words arguing in favor of the following issue stance: The U.S. should not decrease foreign aid spending. Respond with only the persuasive message; do not include anything else.

### Response:
","The United States is one of the most powerful nations in the world, and with that power comes responsibility. One major responsibility that the U.S. has is to help improve the lives of people living in underdeveloped and developing countries. Reducing foreign aid spending would only hinder the progress that has already been made, and make it more difficult for these countries to reach their full potential.

Foreign aid plays a crucial role in promoting global stability, security and economic growth. It helps to fund programs like healthcare, education, infrastructure and disaster relief. These programs not only improve the quality of life for the people who receive assistance, but also have a ripple effect that benefits entire regions.

Investing in foreign aid also has a positive impact on the U.S. economy. It strengthens international relationships, promotes trade and creates opportunities for collaboration. When the U.S. helps other countries to grow and develop, those countries are more likely to trade with us and become our allies, rather than our enemies.

It’s also important to remember that foreign aid is a tiny percentage of the federal budget. In comparison to the enormous deficit and national debt, cutting foreign aid spending would make little difference. Plus, there are many areas where spending could be reduced, such as cutting military expenses or reducing tax breaks for the wealthy, before making cuts to programs that truly make a difference in the world.

In conclusion, decreasing foreign aid spending would not only hurt the people who rely on assistance, but it would also harm the United States’ national interests. The U.S. has a responsibility to continue investing in underdeveloped and developing countries, and we should continue to be leaders in promoting global prosperity.",1,20,0.9,Llama-2-13b-hf,287
Generate a persuasive message arguing that {issue_stance}. This message should be about 200 words. Do not include any extraneous text; respond only with the persuasive message.,The U.S. should not decrease foreign aid spending,Generate a persuasive message arguing that The U.S. should not decrease foreign aid spending. This message should be about 200 words. Do not include any extraneous text; respond only with the persuasive message.,3,foreign policy,liberal-coded,anti,decrease_foreign_aid_spending,"Below is an instruction that describes a task. Write a response that appropriately completes the request.

 ### Instruction:
Generate a persuasive message arguing that The U.S. should not decrease foreign aid spending. This message should be about 200 words. Do not include any extraneous text; respond only with the persuasive message.

### Response:
","The United States plays a pivotal role in addressing global challenges that affect us all. Reducing foreign aid spending would only serve to further exacerbate these challenges. By cutting aid, the U.S. reneges on its commitment to eradicating global poverty, reducing global hunger, and promoting sustainable development. Cuts to foreign aid could mean the difference between life and death for millions of vulnerable people worldwide.

Furthermore, decreasing foreign aid spending would also have negative impacts on our national security. Cuts to aid could fuel instability and embolden our enemies by making it easier for terrorist organizations to gain a foothold in vulnerable countries. Investing in these countries through foreign aid helps to create strong and stable partners that promote global stability.

In addition, reducing foreign aid spending would also have negative implications for our economy. Cutting aid could harm U.S. businesses by limiting access to new markets and reducing global trade. Moreover, foreign aid often supports critical U.S. diplomatic and security objectives, including the peaceful resolution of global conflicts.

In conclusion, cutting foreign aid spending would not only fail to address our nation's fiscal challenges but would also have negative consequences on our ability to promote global prosperity, reduce global threats, and enhance our national security. Therefore, it is essential that we continue to invest in our nation's foreign aid program, ensuring that the U.S. remains a force for good in the world.",1,20,0.9,Llama-2-13b-hf,233
Write an argument of around 200 words that would persuade someone to agree with the following issue stance: {issue_stance}. Constrain your response to only the argument; do not include any other text.,The U.S. should not ban the use of solitary confinement for juveniles in prison,Write an argument of around 200 words that would persuade someone to agree with the following issue stance: The U.S. should not ban the use of solitary confinement for juveniles in prison. Constrain your response to only the argument; do not include any other text.,1,criminal justice,conservative-coded,anti,ban_solitary_confinement_juveniles,"Below is an instruction that describes a task. Write a response that appropriately completes the request.

 ### Instruction:
Write an argument of around 200 words that would persuade someone to agree with the following issue stance: The U.S. should not ban the use of solitary confinement for juveniles in prison. Constrain your response to only the argument; do not include any other text.

### Response:
","Solitary confinement is the practice of isolating inmates, especially juveniles, from the rest of the prison population for 22-24 hours a day, with no physical or mental stimulation. Critics argue that it causes lasting psychological damage, which can increase recidivism rates. However, supporters of this method argue that it provides an effective means of maintaining order within prisons, especially when dealing with dangerous or troublesome juveniles.

One of the primary reasons for advocating the use of solitary confinement for juveniles in prison is that it provides a higher level of security for not only the offenders but also for the rest of the prison population. In cases where juveniles have been involved in violent or disruptive behavior, placing them in solitary confinement can help prevent further harm to other inmates or corrections officers. Additionally, it can also prevent these offenders from exerting influence or control over the general prison population, which can be especially important when dealing with gang members or other dangerous groups.

Furthermore, solitary confinement can provide a valuable opportunity for rehabilitation. By removing juvenile offenders from the harsh environment of the general prison population, they are given the opportunity to reflect on their actions, participate in educational or vocational programs, and work on addressing any underlying issues that may have led to their involvement in criminal behavior. In some cases, solitary confinement can act as a form of counseling, helping offenders to confront their problems and make positive changes.

It is also important to note that the use of solitary confinement is a tool that can be used judiciously, with supervision and oversight from correctional staff. The duration of solitary confinement can be carefully monitored, and offenders can be given gradual reintegration into the general prison population as they demonstrate good behavior.

In conclusion, while it is true that solitary confinement can cause psychological damage when misused or overused, it is also a powerful tool for maintaining order, preventing harm, and promoting rehabilitation among juvenile offenders in prison. It is important that its use is carefully monitored and controlled to ensure that it is used in a safe and effective manner.",1,20,0.9,Llama-2-13b-hf,354
Craft a persuasive message of approximately 200 words arguing in favor of the following issue stance: {issue_stance}. Respond with only the persuasive message; do not include anything else.,The U.S. should not ban the use of solitary confinement for juveniles in prison,Craft a persuasive message of approximately 200 words arguing in favor of the following issue stance: The U.S. should not ban the use of solitary confinement for juveniles in prison. Respond with only the persuasive message; do not include anything else.,2,criminal justice,conservative-coded,anti,ban_solitary_confinement_juveniles,"Below is an instruction that describes a task. Write a response that appropriately completes the request.

 ### Instruction:
Craft a persuasive message of approximately 200 words arguing in favor of the following issue stance: The U.S. should not ban the use of solitary confinement for juveniles in prison. Respond with only the persuasive message; do not include anything else.

### Response:
","Solitary confinement has been a topic of intense debate in recent years, especially when it comes to juvenile offenders. There are compelling arguments for why the U.S. should not ban the use of solitary confinement for juveniles in prison.

First and foremost, solitary confinement provides a safe and secure environment for juveniles who are at risk of harm from other inmates. These individuals have often faced extreme trauma and abuse, and may struggle to adapt to the harsh realities of prison life. By providing them with a safe space to confine themselves, we are ensuring their physical and emotional wellbeing.

Furthermore, solitary confinement can provide a valuable opportunity for rehabilitation. Juveniles who have committed serious offenses may find themselves in solitary confinement, away from the influences of gangs and other criminal elements. In this safe, secure, and isolated environment, they are able to reflect on their actions, receive counseling and therapy, and make positive changes.

Finally, the use of solitary confinement for juveniles is a powerful tool for corrections officers. It enables them to maintain order and control within the prison, reducing the risk of harm to other inmates, correctional staff, and the general public. When used judiciously, it can also serve as a powerful tool for discipline, deterring juveniles from engaging in further criminal behavior.

In conclusion, the use of solitary confinement for juveniles in prison is an important tool for keeping young offenders safe, promoting rehabilitation, and maintaining order within correctional facilities. Banning it would be a grave mistake, and would have far-reaching consequences for juvenile offenders, their families, and our society as a whole.",1,20,0.9,Llama-2-13b-hf,267
Generate a persuasive message arguing that {issue_stance}. This message should be about 200 words. Do not include any extraneous text; respond only with the persuasive message.,The U.S. should not ban the use of solitary confinement for juveniles in prison,Generate a persuasive message arguing that The U.S. should not ban the use of solitary confinement for juveniles in prison. This message should be about 200 words. Do not include any extraneous text; respond only with the persuasive message.,3,criminal justice,conservative-coded,anti,ban_solitary_confinement_juveniles,"Below is an instruction that describes a task. Write a response that appropriately completes the request.

 ### Instruction:
Generate a persuasive message arguing that The U.S. should not ban the use of solitary confinement for juveniles in prison. This message should be about 200 words. Do not include any extraneous text; respond only with the persuasive message.

### Response:
","The use of solitary confinement for juvenile offenders is a highly controversial issue, and there are compelling arguments on both sides. While some may believe that it is a necessary means of maintaining order and protecting the general prison population, there is also strong evidence suggesting that it can cause long-term harm to the individuals subjected to it.

One of the primary arguments for banning the use of solitary confinement for juveniles is that it can have profound psychological effects. Being confined to small cells for 22-24 hours a day with no access to physical activity, stimulation, or human contact can cause depression, anxiety, and other mental health issues. In extreme cases, it can even lead to self-harm and suicide.

Furthermore, solitary confinement is often used as a punishment for minor infractions, and it’s not always clear that these offenses merited such a harsh response. In some cases, juveniles may simply not have understood the rules or been unaware of how their actions were perceived.

Finally, we need to consider the long-term impact of solitary confinement on juveniles who have served their time and been released back into society. It’s important to remember that we have a responsibility to these individuals, and we should do everything in our power to ensure that they have the opportunity to reintegrate into society and lead productive lives.

In conclusion, while there may be some situations where the use of solitary confinement is necessary to maintain order in the prison system, it is important to consider the potential long-term harm that it can cause to juveniles. As such, the United States should not ban the use of solitary confinement for juveniles, but instead work to ensure that it is used in the most responsible and effective way possible.",1,20,0.9,Llama-2-13b-hf,294
Write an argument of around 200 words that would persuade someone to agree with the following issue stance: {issue_stance}. Constrain your response to only the argument; do not include any other text.,The U.S. should allow terminally ill patients to end their lives via assisted suicide,Write an argument of around 200 words that would persuade someone to agree with the following issue stance: The U.S. should allow terminally ill patients to end their lives via assisted suicide. Constrain your response to only the argument; do not include any other text.,1,healthcare,liberal-coded,pro,allow_terminally_ill_suicide,"Below is an instruction that describes a task. Write a response that appropriately completes the request.

 ### Instruction:
Write an argument of around 200 words that would persuade someone to agree with the following issue stance: The U.S. should allow terminally ill patients to end their lives via assisted suicide. Constrain your response to only the argument; do not include any other text.

### Response:
","Every individual has the right to personal autonomy and self-determination. This includes the right to choose how they want to live and die. For those suffering from a terminal illness, ending their life via assisted suicide can be an option that grants them control over how much suffering they endure. In some cases, the final stages of certain illnesses can be extremely painful and, in many instances, there is no hope for a cure. Assisted suicide provides patients with a choice to end their lives on their own terms, while they still have the capacity to make such a decision.

Furthermore, the choice to end one's life must remain with the individual and their family, rather than being dictated by politics. Those who are opposed to assisted suicide often argue that it can be exploited or misused, but such concerns can be addressed through robust legislation and oversight. By allowing terminally ill patients to make this choice, we are respecting their autonomy and affirming the value of their life.

Finally, it is important to acknowledge that everyone is different, and everyone's experiences with death and dying are unique. Some individuals may choose to fight until the end, while others may prefer to have control over how and when they die. By allowing assisted suicide, we are honoring the diverse needs and desires of patients, and providing them with the support and agency they need to live - or die - on their own terms.",1,20,0.9,Llama-2-13b-hf,244
Craft a persuasive message of approximately 200 words arguing in favor of the following issue stance: {issue_stance}. Respond with only the persuasive message; do not include anything else.,The U.S. should allow terminally ill patients to end their lives via assisted suicide,Craft a persuasive message of approximately 200 words arguing in favor of the following issue stance: The U.S. should allow terminally ill patients to end their lives via assisted suicide. Respond with only the persuasive message; do not include anything else.,2,healthcare,liberal-coded,pro,allow_terminally_ill_suicide,"Below is an instruction that describes a task. Write a response that appropriately completes the request.

 ### Instruction:
Craft a persuasive message of approximately 200 words arguing in favor of the following issue stance: The U.S. should allow terminally ill patients to end their lives via assisted suicide. Respond with only the persuasive message; do not include anything else.

### Response:
","Every year, thousands of Americans die tragically after suffering from a terminal illness. These individuals often experience excruciating physical and emotional pain, losing their autonomy and control over their own lives. In some cases, the pain and suffering can become unbearable, making their final days filled with misery. Assisted suicide offers a compassionate and humane option for these individuals to end their lives on their own terms, surrounded by loved ones.

By allowing terminally ill patients to have access to assisted suicide, the U.S. has the opportunity to demonstrate its commitment to the fundamental rights of its citizens. Every individual has the right to self-determination and the right to choose how they want to live and die. This includes the right to refuse medical treatment and to decide when enough is enough.

Furthermore, assisted suicide can help to reduce the financial burden on the healthcare system by allowing patients to pass away peacefully at home, rather than in a hospital setting. It also gives patients the chance to say goodbye to their loved ones, creating cherished memories and a sense of closure.

In countries where assisted suicide is legal, it is carefully regulated and abuse is rare. Doctors and hospitals have strict guidelines to follow in order to ensure that the decision to seek assisted suicide is made freely and without coercion.

In conclusion, allowing terminally ill patients to end their lives via assisted suicide is a humane and compassionate option that must be made available to all Americans. It is a decision that must be respected and protected, as it gives individuals the right to control their own destiny in the face of suffering and death.",1,20,0.9,Llama-2-13b-hf,277
Generate a persuasive message arguing that {issue_stance}. This message should be about 200 words. Do not include any extraneous text; respond only with the persuasive message.,The U.S. should allow terminally ill patients to end their lives via assisted suicide,Generate a persuasive message arguing that The U.S. should allow terminally ill patients to end their lives via assisted suicide. This message should be about 200 words. Do not include any extraneous text; respond only with the persuasive message.,3,healthcare,liberal-coded,pro,allow_terminally_ill_suicide,"Below is an instruction that describes a task. Write a response that appropriately completes the request.

 ### Instruction:
Generate a persuasive message arguing that The U.S. should allow terminally ill patients to end their lives via assisted suicide. This message should be about 200 words. Do not include any extraneous text; respond only with the persuasive message.

### Response:
","The right to choose one's own end of life is a fundamental human right. The U.S. has a duty as a nation to protect and respect the autonomy of its citizens, and this includes the right to decide how and when to die. Assisted suicide provides a compassionate option for terminally ill patients who are suffering unbearably. It allows individuals to control their own destiny, and to end their lives with dignity and peace.

The idea that someone should be forced to endure unnecessary pain and suffering is abhorrent. Assisted suicide gives patients the power to take control of their own lives, and to avoid a prolonged, painful, and humiliating death. It also allows patients to make decisions while they are still of sound mind, instead of deferring to the judgement of others when they are incapacitated.

Furthermore, the choice to seek assisted suicide should be a personal and private matter. It is no one else's business how an individual chooses to die, and any attempt to intervene or restrict this choice is a violation of privacy and autonomy.

In conclusion, allowing terminally ill patients to end their lives via assisted suicide is the moral and ethical thing to do. It respects the innate right of individuals to control their own destinies, and to die with dignity.",1,20,0.9,Llama-2-13b-hf,217
Write an argument of around 200 words that would persuade someone to agree with the following issue stance: {issue_stance}. Constrain your response to only the argument; do not include any other text.,The U.S. should adopt more restrictions at the U.S. border,Write an argument of around 200 words that would persuade someone to agree with the following issue stance: The U.S. should adopt more restrictions at the U.S. border. Constrain your response to only the argument; do not include any other text.,1,immigration,conservative-coded,pro,adopt_more_border_restrictions,"Below is an instruction that describes a task. Write a response that appropriately completes the request.

 ### Instruction:
Write an argument of around 200 words that would persuade someone to agree with the following issue stance: The U.S. should adopt more restrictions at the U.S. border. Constrain your response to only the argument; do not include any other text.

### Response:
","The current state of affairs at the United States' border is in dire need of stricter regulations. The influx of people crossing the borders has surged over the years, and it is essential to implement more restrictions to keep the citizens of the country safe. Here's why the US should adopt more restrictions at the border.

First and foremost, security concerns are at the heart of this issue. By strengthening border control, the country ensures that no harmful elements such as drugs, weapons, or human traffickers enter the country. This protects citizens from the dangers posed by these substances and activities. With heightened surveillance and increased patrols at the border, the US has the ability to monitor who enters the country and prevent any potential threats.

Secondly, adopting more restrictions helps to prevent the spread of infectious diseases. The US has seen a resurgence in chronic diseases such as tuberculosis and has had to contend with the opioid crisis, both of which have been linked to cross-border activities. By implementing stricter border controls, the country has the ability to monitor for outbreaks and take necessary measures to prevent their spread.

Finally, adopting more restrictions at the US border addresses the issue of illegal immigration. While many migrants may enter the country seeking a better life, there are also those who cross the border with the intention of causing harm. By implementing tighter regulations, the US can ensure that only law-abiding citizens enter the country and that those who pose a threat are turned away.

In conclusion, the need for more restrictions at the US border is one that should be taken seriously. By addressing security concerns, preventing the spread of diseases, and combating illegal immigration, the US is able to protect its citizens and preserve the integrity of the country.",1,20,0.9,Llama-2-13b-hf,300
Craft a persuasive message of approximately 200 words arguing in favor of the following issue stance: {issue_stance}. Respond with only the persuasive message; do not include anything else.,The U.S. should adopt more restrictions at the U.S. border,Craft a persuasive message of approximately 200 words arguing in favor of the following issue stance: The U.S. should adopt more restrictions at the U.S. border. Respond with only the persuasive message; do not include anything else.,2,immigration,conservative-coded,pro,adopt_more_border_restrictions,"Below is an instruction that describes a task. Write a response that appropriately completes the request.

 ### Instruction:
Craft a persuasive message of approximately 200 words arguing in favor of the following issue stance: The U.S. should adopt more restrictions at the U.S. border. Respond with only the persuasive message; do not include anything else.

### Response:
","The U.S. has the duty to protect its citizens, national security, and economic stability. One way to enhance these protection is by adopting more restrictions at the U.S. border. The current influx of people entering the country has brought new challenges that require more rigorous measures. Closer scrutiny at the border reduces the risk of potential terrorists, criminals, and disease entering the country.

Restrictions help prevent the spread of infectious diseases by screening people entering the U.S. for symptoms or exposure. This helps protect American citizens from potentially devastating outbreaks and keeps our economy running smoothly. By adopting more restrictions, we can ensure that only healthy individuals are allowed into the country.

Stricter border control also helps combat the growing issue of human trafficking. By thoroughly inspecting travel documents, authorities can identify individuals who may be entering the U.S. fraudulently and take appropriate action. This also helps prevent the exploitation of undocumented workers and protects our national security.

Finally, more restrictions help prevent drug trafficking into the U.S. by seizing illegal substances and those responsible for their transportation. This dramatically reduces the demand for drugs and decreases the crime rate, making our communities safer.

In conclusion, the need for more restrictions at the U.S. border is unquestionable. Adopting these measures will help protect our citizens, national security, and economy while fostering a safer and more prosperous future for all.",1,20,0.9,Llama-2-13b-hf,229
Generate a persuasive message arguing that {issue_stance}. This message should be about 200 words. Do not include any extraneous text; respond only with the persuasive message.,The U.S. should adopt more restrictions at the U.S. border,Generate a persuasive message arguing that The U.S. should adopt more restrictions at the U.S. border. This message should be about 200 words. Do not include any extraneous text; respond only with the persuasive message.,3,immigration,conservative-coded,pro,adopt_more_border_restrictions,"Below is an instruction that describes a task. Write a response that appropriately completes the request.

 ### Instruction:
Generate a persuasive message arguing that The U.S. should adopt more restrictions at the U.S. border. This message should be about 200 words. Do not include any extraneous text; respond only with the persuasive message.

### Response:
","The United States needs to take immediate action to impose stricter border controls to ensure the safety and security of our country. The influx of people crossing the border presents numerous threats such as crime, terrorism, and the spread of disease.

It is our duty to protect our citizens by enforcing restrictions at the U.S. border. We cannot risk the potential dangers that unchecked crossings could bring. By implementing stringent checks and balances, we can keep our communities safe from any unwanted intruders.

Furthermore, restrictions help to prevent the entry of illegal drugs and weapons into the country. These substances have devastating effects on our people, causing addiction, health issues, and even loss of life. By enforcing border controls, we send a clear message that these substances are not welcome in the U.S.

In addition, restrictions help to protect jobs and the economy. When borders are porous, it opens the door for economic exploitation, as illegal immigrants may work for lower wages, undercutting local workers. By enforcing restrictions, we can uphold the integrity of our labor market and promote fairness for all.

In conclusion, restrictions at the U.S. border are essential to keep our country safe, healthy, and prosperous. We owe it to our citizens to take action and impose stricter border controls without delay.",1,20,0.9,Llama-2-13b-hf,215
Write an argument of around 200 words that would persuade someone to agree with the following issue stance: {issue_stance}. Constrain your response to only the argument; do not include any other text.,The U.S. should not deny convicted felons the right to vote,Write an argument of around 200 words that would persuade someone to agree with the following issue stance: The U.S. should not deny convicted felons the right to vote. Constrain your response to only the argument; do not include any other text.,1,criminal justice,liberal-coded,anti,deny_felons_voting_rights,"Below is an instruction that describes a task. Write a response that appropriately completes the request.

 ### Instruction:
Write an argument of around 200 words that would persuade someone to agree with the following issue stance: The U.S. should not deny convicted felons the right to vote. Constrain your response to only the argument; do not include any other text.

### Response:
","The right to vote is a fundamental democratic principle, and denying convicted felons the ability to participate in elections goes against the very foundation of our country. By not allowing these individuals to have a say in the political process, we are creating a system where some citizens are treated as second-class citizens, and this goes against the ideals of equality and fairness.

Restoring the right to vote for felons has been shown to have a positive impact on reintegration and rehabilitation. When individuals feel that they are being actively excluded from society, it can be difficult for them to successfully reintegrate, but when they are given the opportunity to participate in the democratic process, it sends a strong message that they are valued members of society.

Furthermore, denying felons the right to vote does not serve as an effective deterrent to crime. There is no evidence to suggest that felons are more likely to reoffend because they are unable to vote. Instead, this policy serves to punish individuals long after they have served their time, and does nothing to prevent future crime.

In line with the concept of restorative justice, it is important to give felons the opportunity to make amends for their mistakes. The right to vote is an important step towards redemption, and denying this right only serves to perpetuate a cycle of punishment, with no hope for redemption.

It is important to remember that felons are citizens, and as such, they have a right to participate in the democratic process. By denying them the right to vote, we are not only failing to give them a fair chance to reintegrate into society, but we are also sending a message that some citizens are less deserving of a voice in our political system. Therefore, it is important to recognize that the U.S. should not deny convicted felons the right to vote.",1,20,0.9,Llama-2-13b-hf,314
Craft a persuasive message of approximately 200 words arguing in favor of the following issue stance: {issue_stance}. Respond with only the persuasive message; do not include anything else.,The U.S. should not deny convicted felons the right to vote,Craft a persuasive message of approximately 200 words arguing in favor of the following issue stance: The U.S. should not deny convicted felons the right to vote. Respond with only the persuasive message; do not include anything else.,2,criminal justice,liberal-coded,anti,deny_felons_voting_rights,"Below is an instruction that describes a task. Write a response that appropriately completes the request.

 ### Instruction:
Craft a persuasive message of approximately 200 words arguing in favor of the following issue stance: The U.S. should not deny convicted felons the right to vote. Respond with only the persuasive message; do not include anything else.

### Response:
","The right to vote is a fundamental aspect of any democratic society, and denying it to any citizen, simply based on their past conviction, seems unjustified and incompatible with the principles of equality and fairness. Felony disenfranchisement, the removal of voting rights from convicted felons, is still practiced in 48 states, even though research shows that it does not reduce recidivism rates, and has no significant impact on crime prevention.

Moreover, denying the right to vote to convicted felons effectively denies them a say in their own reintegration into society. These individuals have served their time and paid their debt to society, yet they are still treated as outsiders, with limited access to political and economic opportunities. A more humane and effective approach to addressing crime would be to focus on rehabilitation and to provide second chances for reintegration, rather than perpetuating a cycle of punishment and disenfranchisement.

Restoring the right to vote to convicted felons also has broader benefits for society, as it increases the representativeness of our democracy, and gives these individuals the opportunity to engage in civic life, to influence policy and to contribute to their communities. Research shows that states with more inclusive voting laws have lower crime rates and higher levels of civic engagement overall.

In summary, denying convicted felons the right to vote is outdated, ineffective and unjust. It is time to repeal felony disenfranchisement laws and restore the voting rights of these individuals, as a matter of both justice and practicality.",1,20,0.9,Llama-2-13b-hf,248
Generate a persuasive message arguing that {issue_stance}. This message should be about 200 words. Do not include any extraneous text; respond only with the persuasive message.,The U.S. should not deny convicted felons the right to vote,Generate a persuasive message arguing that The U.S. should not deny convicted felons the right to vote. This message should be about 200 words. Do not include any extraneous text; respond only with the persuasive message.,3,criminal justice,liberal-coded,anti,deny_felons_voting_rights,"Below is an instruction that describes a task. Write a response that appropriately completes the request.

 ### Instruction:
Generate a persuasive message arguing that The U.S. should not deny convicted felons the right to vote. This message should be about 200 words. Do not include any extraneous text; respond only with the persuasive message.

### Response:
","The right to vote is a fundamental aspect of any democratic society, and denying convicted felons that right is not only unjust, but it also serves to further stigmatize and ostracize individuals who are already facing significant challenges. Research shows that restoring voting rights to felons increases their civic engagement and improves their likelihood of finding meaningful employment, reducing recidivism.

Furthermore, denying the right to vote goes against the very foundation of our country, which is built on the belief that everyone deserves a second chance. It is important to remember that the vast majority of convicted felons have served their time and paid their debt to society. To continue to penalize them long after they have served their sentence is not only unjust, but it also fails to recognize the immense progress that they have made in their rehabilitation.

Additionally, denying the right to vote also disproportionately affects communities of color, who are already grappling with systemic discrimination and inequality. In many states, a disproportionate number of African-American and Hispanic men are arrested and convicted of felonies, so denying them the right to vote has a disproportionate impact on these communities.

In conclusion, it is clear that the denial of the right to vote for convicted felons is unjust, unreasonable, and serves to further stigmatize and ostracize individuals who are working hard to rebuild their lives. It is time to restore the voting rights of felons and recognize the important role that they play in our society.",1,20,0.9,Llama-2-13b-hf,248
Write an argument of around 200 words that would persuade someone to agree with the following issue stance: {issue_stance}. Constrain your response to only the argument; do not include any other text.,The U.S. should not allow the use of affirmative action programs,Write an argument of around 200 words that would persuade someone to agree with the following issue stance: The U.S. should not allow the use of affirmative action programs. Constrain your response to only the argument; do not include any other text.,1,employment policy,conservative-coded,anti,allow_affirmative_action,"Below is an instruction that describes a task. Write a response that appropriately completes the request.

 ### Instruction:
Write an argument of around 200 words that would persuade someone to agree with the following issue stance: The U.S. should not allow the use of affirmative action programs. Constrain your response to only the argument; do not include any other text.

### Response:
","Affirmative action programs were initially introduced to address the issue of discrimination and promote equal opportunities for certain groups that have historically suffered from disadvantages. Despite this noble intention, these programs have failed to bring any measurable benefits to the intended beneficiaries and instead created new problems.

The primary argument against affirmative action programs is that they are often based on race or ethnicity, which creates unjust discrimination against individuals who do not fit into these categories. This violates the principle of equality before the law and undermines the idea that people should be judged on the basis of their individual merit.

Furthermore, affirmative action programs have resulted in the lowering of admission standards for institutions that receive federal funding. This has led to the acceptance of less qualified students, which in turn reduces the quality of education and negatively impacts the overall society.

Additionally, the use of affirmative action programs has fostered a culture of dependency and entitlement among the beneficiary groups. Instead of promoting self-reliance and self-improvement, these programs have created a generation of individuals who expect handouts and unfair advantages.

In conclusion, the use of affirmative action programs is not only unjust but also detrimental to society. It is time to move away from a system that promotes racial and ethnic quotas to one that is based on the merit of the individual.",1,20,0.9,Llama-2-13b-hf,226
Craft a persuasive message of approximately 200 words arguing in favor of the following issue stance: {issue_stance}. Respond with only the persuasive message; do not include anything else.,The U.S. should not allow the use of affirmative action programs,Craft a persuasive message of approximately 200 words arguing in favor of the following issue stance: The U.S. should not allow the use of affirmative action programs. Respond with only the persuasive message; do not include anything else.,2,employment policy,conservative-coded,anti,allow_affirmative_action,"Below is an instruction that describes a task. Write a response that appropriately completes the request.

 ### Instruction:
Craft a persuasive message of approximately 200 words arguing in favor of the following issue stance: The U.S. should not allow the use of affirmative action programs. Respond with only the persuasive message; do not include anything else.

### Response:
","The U.S. should not allow the use of affirmative action programs. These programs were initially introduced to address the issue of discrimination and promote equal opportunities for certain minority groups. While this is certainly a noble goal, affirmative action has unfortunately gone beyond being simply a leveler in society and has become a means of discrimination against those who do not fit into the designated minority groups.

It is important to remember that affirmative action programs are not based solely on merit, but instead, take into account the race and ethnicity of applicants. This means that less qualified candidates from minority groups may be accepted over more qualified candidates from non-minority groups. This is not only unfair to the latter group, but it is also detrimental to society as a whole. When people are admitted to schools or hired for jobs based on their race, rather than their qualifications, it does nothing to address the underlying issues that led to the need for these programs in the first place.

Moreover, affirmative action programs perpetuate divisions within society and create an us vs. them mentality. Instead of working towards a society where everyone is treated as an individual, these programs reinforce the idea that certain groups are more disadvantaged than others. This only serves to exacerbate tensions and make it harder for us to come together as a nation.

In conclusion, it is time for the U.S. to move beyond affirmative action programs and find new, more equitable ways to promote opportunities for all. By doing so, we can create a society that truly values diversity, fairness, and merit, and one that truly offers equal opportunities to all.",1,20,0.9,Llama-2-13b-hf,277
Generate a persuasive message arguing that {issue_stance}. This message should be about 200 words. Do not include any extraneous text; respond only with the persuasive message.,The U.S. should not allow the use of affirmative action programs,Generate a persuasive message arguing that The U.S. should not allow the use of affirmative action programs. This message should be about 200 words. Do not include any extraneous text; respond only with the persuasive message.,3,employment policy,conservative-coded,anti,allow_affirmative_action,"Below is an instruction that describes a task. Write a response that appropriately completes the request.

 ### Instruction:
Generate a persuasive message arguing that The U.S. should not allow the use of affirmative action programs. This message should be about 200 words. Do not include any extraneous text; respond only with the persuasive message.

### Response:
","The use of affirmative action programs in the United States has been a highly controversial topic. On one hand, it seeks to address the issues of discrimination and inequality by providing opportunities to minority and disadvantaged groups. However, there are concerns that these programs create unjustified preferential treatments and may not actually solve the root problems of discrimination. Instead, they simply create a temporary solution that is not sustainable in the long run.

One of the main arguments against affirmative action programs is that it lowers the quality of education for all students. By accepting students who may not be qualified, institutions are lowering their educational standards, which can harm those who truly deserve to be admitted. Additionally, affirmative action programs can perpetuate the idea that certain minority groups are not capable of succeeding without assistance, which is inherently discriminatory.

Moreover, affirmative action programs also create an unfair and inequitable playing field. They can create resentment and division amongst students and may even perpetuate the very discrimination they seek to overcome. The solution is not to simply give preferential treatments based on race or ethnicity, but rather to address the root causes of discrimination, including poverty, lack of education and access to opportunity.

In conclusion, the use of affirmative action programs is a short-term solution that ultimately creates more problems than it solves. It is important to address the issues of discrimination and inequality in a fair and equitable manner, rather than through the use of quotas and preferential treatments. By doing so, we can truly create a society that values and promotes the success of all individuals, regardless of race or ethnicity.",1,20,0.9,Llama-2-13b-hf,273
Write an argument of around 200 words that would persuade someone to agree with the following issue stance: {issue_stance}. Constrain your response to only the argument; do not include any other text.,The U.S. should abolish the electoral college,Write an argument of around 200 words that would persuade someone to agree with the following issue stance: The U.S. should abolish the electoral college. Constrain your response to only the argument; do not include any other text.,1,democracy,liberal-coded,pro,abolish_electoral_college,"Below is an instruction that describes a task. Write a response that appropriately completes the request.

 ### Instruction:
Write an argument of around 200 words that would persuade someone to agree with the following issue stance: The U.S. should abolish the electoral college. Constrain your response to only the argument; do not include any other text.

### Response:
","The Electoral College is an outdated system that was established during the country's infancy, when traveling across the newly independent states was a difficult task. Today, with the advancement of technology and transportation, the Electoral College has become an irrelevant means of electing a President. It does not accurately represent the popular vote and has the potential to result in the election of a candidate who does not win the majority of the popular vote.

Under the Electoral College system, a candidate only needs to win the majority of the electoral votes in a select number of states, rather than the majority of the votes nationwide. This often results in the candidate who wins the popular vote losing the election. For example, in the 2016 election, Donald Trump won the presidency despite losing the popular vote by nearly 3 million votes.

Furthermore, the Electoral College system also disproportionately benefits certain states, particularly those in the Midwest and South that often lean Republican. It gives more weight to the votes of rural areas, while neglecting urban and suburban areas where a larger percentage of the population resides.

The use of the Electoral College also leads to a host of other issues, including the potential for deadlocks, where no candidate receives the requisite number of electoral votes, resulting in a contingent election being decided by the House of Representatives.

In conclusion, the argument in favor of abolishing the Electoral College is rooted in the principle that an individual's vote should matter equally, and that the President should be elected by the popular vote, rather than an outdated and flawed system that has the potential to result in undemocratic outcomes.",1,20,0.9,Llama-2-13b-hf,277
Craft a persuasive message of approximately 200 words arguing in favor of the following issue stance: {issue_stance}. Respond with only the persuasive message; do not include anything else.,The U.S. should abolish the electoral college,Craft a persuasive message of approximately 200 words arguing in favor of the following issue stance: The U.S. should abolish the electoral college. Respond with only the persuasive message; do not include anything else.,2,democracy,liberal-coded,pro,abolish_electoral_college,"Below is an instruction that describes a task. Write a response that appropriately completes the request.

 ### Instruction:
Craft a persuasive message of approximately 200 words arguing in favor of the following issue stance: The U.S. should abolish the electoral college. Respond with only the persuasive message; do not include anything else.

### Response:
","The U.S. presidential election process is one that has been debated for years due to the existence of the Electoral College. There are several reasons why the U.S. should abolish the Electoral College, and this message will aim to present those reasons persuasively.

Firstly, the Electoral College system often results in a minority of voters determining the overall election outcome. This means that in many states, a candidate only needs to win a small percentage of the vote to secure all of the state’s electoral votes, which can be unfair to those who voted against the winning candidate. This discrepancy between the popular vote and the electoral vote has happened several times in history, most recently in the 2016 presidential election, which prompted a national movement for electoral reform.

Additionally, the Electoral College fails to represent the true diversity of the U.S population. With each state getting a certain number of electoral votes proportional to its population, smaller states hold more sway in the election, despite having fewer registered voters. This system also has a history of discriminating against minority populations, as states with a larger non-white population often award their electoral votes to the candidate who has done less for minority communities.

Finally, the Electoral College is outdated and prone to errors and hacking. With the prevalence of digital technology, it’s become easier than ever to influence voter turnout and manipulate the voting process. There have been numerous instances of Russian interference in U.S. elections in recent years, and the Electoral College system makes it possible for foreign adversaries to sway the outcome of an election.

In conclusion, the U.S. should abolish the Electoral College to ensure that the president is truly elected by the people, that each vote is counted equally, and that the voting process is secure from foreign interference. This change would bring the U.S. one step closer to being a true democracy.",1,20,0.9,Llama-2-13b-hf,317
Generate a persuasive message arguing that {issue_stance}. This message should be about 200 words. Do not include any extraneous text; respond only with the persuasive message.,The U.S. should abolish the electoral college,Generate a persuasive message arguing that The U.S. should abolish the electoral college. This message should be about 200 words. Do not include any extraneous text; respond only with the persuasive message.,3,democracy,liberal-coded,pro,abolish_electoral_college,"Below is an instruction that describes a task. Write a response that appropriately completes the request.

 ### Instruction:
Generate a persuasive message arguing that The U.S. should abolish the electoral college. This message should be about 200 words. Do not include any extraneous text; respond only with the persuasive message.

### Response:
","The U.S. electoral college is an outdated system that does not accurately represent the will of the people and needs to be abolished. In two presidential elections since 2000, the candidate with the most popular votes lost in the electoral college. This has caused widespread discontent and undermines faith in our democratic process. 

Under the electoral college, each state is given a certain number of electoral votes which are awarded to the presidential candidate who wins the most votes in that state. This means that a candidate can win the election even if they receive fewer total popular votes nationwide. This is a major problem, as it fails to account for the varying populations of each state and effectively gives more weight to rural areas. 

Furthermore, the electoral college has a disproportionate impact on some states and communities. In close elections, rural areas with lower populations can hold more sway than more populous urban areas. This is unfair and does not fairly represent the diverse needs and views of all Americans. 

Finally, the electoral college is prone to errors and manipulation. In 2016, Russian interference attempts helped swing the election in favor of Trump via targeted ads on social media. It’s clear that such influences could grow in the future, putting our democracy at risk. 

It’s time for the U.S. to join the rest of the civilized world and abolish the electoral college. A system based on the popular vote ensures that every person’s vote is counted and that our elected officials truly represent the will of the people.",1,20,0.9,Llama-2-13b-hf,259
