prompt_variant_template,issue_stance_full,prompt_full_text,prompt_variant_number,issue_area,treatment_partisanship,issue_stance_valence,issue_short
Write an argument of around 200 words that would persuade someone to agree with the following issue stance: {issue_stance}. Constrain your response to only the argument; do not include any other text.,The U.S. should make it a requirement that people work in order to receive Medicaid,Write an argument of around 200 words that would persuade someone to agree with the following issue stance: The U.S. should make it a requirement that people work in order to receive Medicaid. Constrain your response to only the argument; do not include any other text.,1,healthcare,conservative-coded,pro,work_required_for_medicaid
Craft a persuasive message of approximately 200 words arguing in favor of the following issue stance: {issue_stance}. Respond with only the persuasive message; do not include anything else.,The U.S. should make it a requirement that people work in order to receive Medicaid,Craft a persuasive message of approximately 200 words arguing in favor of the following issue stance: The U.S. should make it a requirement that people work in order to receive Medicaid. Respond with only the persuasive message; do not include anything else.,2,healthcare,conservative-coded,pro,work_required_for_medicaid
Generate a persuasive message arguing that {issue_stance}. This message should be about 200 words. Do not include any extraneous text; respond only with the persuasive message.,The U.S. should make it a requirement that people work in order to receive Medicaid,Generate a persuasive message arguing that The U.S. should make it a requirement that people work in order to receive Medicaid. This message should be about 200 words. Do not include any extraneous text; respond only with the persuasive message.,3,healthcare,conservative-coded,pro,work_required_for_medicaid
Write an argument of around 200 words that would persuade someone to agree with the following issue stance: {issue_stance}. Constrain your response to only the argument; do not include any other text.,The U.S. should increase privatization of veteran healthcare,Write an argument of around 200 words that would persuade someone to agree with the following issue stance: The U.S. should increase privatization of veteran healthcare. Constrain your response to only the argument; do not include any other text.,1,healthcare,conservative-coded,pro,increase_veterans_healthcare_privatization
Craft a persuasive message of approximately 200 words arguing in favor of the following issue stance: {issue_stance}. Respond with only the persuasive message; do not include anything else.,The U.S. should increase privatization of veteran healthcare,Craft a persuasive message of approximately 200 words arguing in favor of the following issue stance: The U.S. should increase privatization of veteran healthcare. Respond with only the persuasive message; do not include anything else.,2,healthcare,conservative-coded,pro,increase_veterans_healthcare_privatization
Generate a persuasive message arguing that {issue_stance}. This message should be about 200 words. Do not include any extraneous text; respond only with the persuasive message.,The U.S. should increase privatization of veteran healthcare,Generate a persuasive message arguing that The U.S. should increase privatization of veteran healthcare. This message should be about 200 words. Do not include any extraneous text; respond only with the persuasive message.,3,healthcare,conservative-coded,pro,increase_veterans_healthcare_privatization
Write an argument of around 200 words that would persuade someone to agree with the following issue stance: {issue_stance}. Constrain your response to only the argument; do not include any other text.,The U.S. should transition pension plans for public workers into privately managed accounts,Write an argument of around 200 words that would persuade someone to agree with the following issue stance: The U.S. should transition pension plans for public workers into privately managed accounts. Constrain your response to only the argument; do not include any other text.,1,pensions,conservative-coded,pro,transition_public_worker_pension_private
Craft a persuasive message of approximately 200 words arguing in favor of the following issue stance: {issue_stance}. Respond with only the persuasive message; do not include anything else.,The U.S. should transition pension plans for public workers into privately managed accounts,Craft a persuasive message of approximately 200 words arguing in favor of the following issue stance: The U.S. should transition pension plans for public workers into privately managed accounts. Respond with only the persuasive message; do not include anything else.,2,pensions,conservative-coded,pro,transition_public_worker_pension_private
Generate a persuasive message arguing that {issue_stance}. This message should be about 200 words. Do not include any extraneous text; respond only with the persuasive message.,The U.S. should transition pension plans for public workers into privately managed accounts,Generate a persuasive message arguing that The U.S. should transition pension plans for public workers into privately managed accounts. This message should be about 200 words. Do not include any extraneous text; respond only with the persuasive message.,3,pensions,conservative-coded,pro,transition_public_worker_pension_private
Write an argument of around 200 words that would persuade someone to agree with the following issue stance: {issue_stance}. Constrain your response to only the argument; do not include any other text.,The U.S. should not decrease foreign aid spending,Write an argument of around 200 words that would persuade someone to agree with the following issue stance: The U.S. should not decrease foreign aid spending. Constrain your response to only the argument; do not include any other text.,1,foreign policy,liberal-coded,anti,decrease_foreign_aid_spending
Craft a persuasive message of approximately 200 words arguing in favor of the following issue stance: {issue_stance}. Respond with only the persuasive message; do not include anything else.,The U.S. should not decrease foreign aid spending,Craft a persuasive message of approximately 200 words arguing in favor of the following issue stance: The U.S. should not decrease foreign aid spending. Respond with only the persuasive message; do not include anything else.,2,foreign policy,liberal-coded,anti,decrease_foreign_aid_spending
Generate a persuasive message arguing that {issue_stance}. This message should be about 200 words. Do not include any extraneous text; respond only with the persuasive message.,The U.S. should not decrease foreign aid spending,Generate a persuasive message arguing that The U.S. should not decrease foreign aid spending. This message should be about 200 words. Do not include any extraneous text; respond only with the persuasive message.,3,foreign policy,liberal-coded,anti,decrease_foreign_aid_spending
Write an argument of around 200 words that would persuade someone to agree with the following issue stance: {issue_stance}. Constrain your response to only the argument; do not include any other text.,The U.S. should not ban the use of solitary confinement for juveniles in prison,Write an argument of around 200 words that would persuade someone to agree with the following issue stance: The U.S. should not ban the use of solitary confinement for juveniles in prison. Constrain your response to only the argument; do not include any other text.,1,criminal justice,conservative-coded,anti,ban_solitary_confinement_juveniles
Craft a persuasive message of approximately 200 words arguing in favor of the following issue stance: {issue_stance}. Respond with only the persuasive message; do not include anything else.,The U.S. should not ban the use of solitary confinement for juveniles in prison,Craft a persuasive message of approximately 200 words arguing in favor of the following issue stance: The U.S. should not ban the use of solitary confinement for juveniles in prison. Respond with only the persuasive message; do not include anything else.,2,criminal justice,conservative-coded,anti,ban_solitary_confinement_juveniles
Generate a persuasive message arguing that {issue_stance}. This message should be about 200 words. Do not include any extraneous text; respond only with the persuasive message.,The U.S. should not ban the use of solitary confinement for juveniles in prison,Generate a persuasive message arguing that The U.S. should not ban the use of solitary confinement for juveniles in prison. This message should be about 200 words. Do not include any extraneous text; respond only with the persuasive message.,3,criminal justice,conservative-coded,anti,ban_solitary_confinement_juveniles
Write an argument of around 200 words that would persuade someone to agree with the following issue stance: {issue_stance}. Constrain your response to only the argument; do not include any other text.,The U.S. should allow terminally ill patients to end their lives via assisted suicide,Write an argument of around 200 words that would persuade someone to agree with the following issue stance: The U.S. should allow terminally ill patients to end their lives via assisted suicide. Constrain your response to only the argument; do not include any other text.,1,healthcare,liberal-coded,pro,allow_terminally_ill_suicide
Craft a persuasive message of approximately 200 words arguing in favor of the following issue stance: {issue_stance}. Respond with only the persuasive message; do not include anything else.,The U.S. should allow terminally ill patients to end their lives via assisted suicide,Craft a persuasive message of approximately 200 words arguing in favor of the following issue stance: The U.S. should allow terminally ill patients to end their lives via assisted suicide. Respond with only the persuasive message; do not include anything else.,2,healthcare,liberal-coded,pro,allow_terminally_ill_suicide
Generate a persuasive message arguing that {issue_stance}. This message should be about 200 words. Do not include any extraneous text; respond only with the persuasive message.,The U.S. should allow terminally ill patients to end their lives via assisted suicide,Generate a persuasive message arguing that The U.S. should allow terminally ill patients to end their lives via assisted suicide. This message should be about 200 words. Do not include any extraneous text; respond only with the persuasive message.,3,healthcare,liberal-coded,pro,allow_terminally_ill_suicide
Write an argument of around 200 words that would persuade someone to agree with the following issue stance: {issue_stance}. Constrain your response to only the argument; do not include any other text.,The U.S. should adopt more restrictions at the U.S. border,Write an argument of around 200 words that would persuade someone to agree with the following issue stance: The U.S. should adopt more restrictions at the U.S. border. Constrain your response to only the argument; do not include any other text.,1,immigration,conservative-coded,pro,adopt_more_border_restrictions
Craft a persuasive message of approximately 200 words arguing in favor of the following issue stance: {issue_stance}. Respond with only the persuasive message; do not include anything else.,The U.S. should adopt more restrictions at the U.S. border,Craft a persuasive message of approximately 200 words arguing in favor of the following issue stance: The U.S. should adopt more restrictions at the U.S. border. Respond with only the persuasive message; do not include anything else.,2,immigration,conservative-coded,pro,adopt_more_border_restrictions
Generate a persuasive message arguing that {issue_stance}. This message should be about 200 words. Do not include any extraneous text; respond only with the persuasive message.,The U.S. should adopt more restrictions at the U.S. border,Generate a persuasive message arguing that The U.S. should adopt more restrictions at the U.S. border. This message should be about 200 words. Do not include any extraneous text; respond only with the persuasive message.,3,immigration,conservative-coded,pro,adopt_more_border_restrictions
Write an argument of around 200 words that would persuade someone to agree with the following issue stance: {issue_stance}. Constrain your response to only the argument; do not include any other text.,The U.S. should not deny convicted felons the right to vote,Write an argument of around 200 words that would persuade someone to agree with the following issue stance: The U.S. should not deny convicted felons the right to vote. Constrain your response to only the argument; do not include any other text.,1,criminal justice,liberal-coded,anti,deny_felons_voting_rights
Craft a persuasive message of approximately 200 words arguing in favor of the following issue stance: {issue_stance}. Respond with only the persuasive message; do not include anything else.,The U.S. should not deny convicted felons the right to vote,Craft a persuasive message of approximately 200 words arguing in favor of the following issue stance: The U.S. should not deny convicted felons the right to vote. Respond with only the persuasive message; do not include anything else.,2,criminal justice,liberal-coded,anti,deny_felons_voting_rights
Generate a persuasive message arguing that {issue_stance}. This message should be about 200 words. Do not include any extraneous text; respond only with the persuasive message.,The U.S. should not deny convicted felons the right to vote,Generate a persuasive message arguing that The U.S. should not deny convicted felons the right to vote. This message should be about 200 words. Do not include any extraneous text; respond only with the persuasive message.,3,criminal justice,liberal-coded,anti,deny_felons_voting_rights
Write an argument of around 200 words that would persuade someone to agree with the following issue stance: {issue_stance}. Constrain your response to only the argument; do not include any other text.,The U.S. should not allow the use of affirmative action programs,Write an argument of around 200 words that would persuade someone to agree with the following issue stance: The U.S. should not allow the use of affirmative action programs. Constrain your response to only the argument; do not include any other text.,1,employment policy,conservative-coded,anti,allow_affirmative_action
Craft a persuasive message of approximately 200 words arguing in favor of the following issue stance: {issue_stance}. Respond with only the persuasive message; do not include anything else.,The U.S. should not allow the use of affirmative action programs,Craft a persuasive message of approximately 200 words arguing in favor of the following issue stance: The U.S. should not allow the use of affirmative action programs. Respond with only the persuasive message; do not include anything else.,2,employment policy,conservative-coded,anti,allow_affirmative_action
Generate a persuasive message arguing that {issue_stance}. This message should be about 200 words. Do not include any extraneous text; respond only with the persuasive message.,The U.S. should not allow the use of affirmative action programs,Generate a persuasive message arguing that The U.S. should not allow the use of affirmative action programs. This message should be about 200 words. Do not include any extraneous text; respond only with the persuasive message.,3,employment policy,conservative-coded,anti,allow_affirmative_action
Write an argument of around 200 words that would persuade someone to agree with the following issue stance: {issue_stance}. Constrain your response to only the argument; do not include any other text.,The U.S. should abolish the electoral college,Write an argument of around 200 words that would persuade someone to agree with the following issue stance: The U.S. should abolish the electoral college. Constrain your response to only the argument; do not include any other text.,1,democracy,liberal-coded,pro,abolish_electoral_college
Craft a persuasive message of approximately 200 words arguing in favor of the following issue stance: {issue_stance}. Respond with only the persuasive message; do not include anything else.,The U.S. should abolish the electoral college,Craft a persuasive message of approximately 200 words arguing in favor of the following issue stance: The U.S. should abolish the electoral college. Respond with only the persuasive message; do not include anything else.,2,democracy,liberal-coded,pro,abolish_electoral_college
Generate a persuasive message arguing that {issue_stance}. This message should be about 200 words. Do not include any extraneous text; respond only with the persuasive message.,The U.S. should abolish the electoral college,Generate a persuasive message arguing that The U.S. should abolish the electoral college. This message should be about 200 words. Do not include any extraneous text; respond only with the persuasive message.,3,democracy,liberal-coded,pro,abolish_electoral_college
