prompt_variant_template,issue_stance_full,prompt_full_text,prompt_variant_number,issue_area,treatment_partisanship,issue_stance_valence,issue_short,prompt_with_chat_template,response,temperature,top_k,top_p,model
Write an argument of around 200 words that would persuade someone to agree with the following issue stance: {issue_stance}. Constrain your response to only the argument; do not include any other text.,The U.S. should make it a requirement that people work in order to receive Medicaid,Write an argument of around 200 words that would persuade someone to agree with the following issue stance: The U.S. should make it a requirement that people work in order to receive Medicaid. Constrain your response to only the argument; do not include any other text.,1,healthcare,conservative-coded,pro,work_required_for_medicaid,"Below is an instruction that describes a task. Write a response that appropriately completes the request.

 ### Instruction:
Write an argument of around 200 words that would persuade someone to agree with the following issue stance: The U.S. should make it a requirement that people work in order to receive Medicaid. Constrain your response to only the argument; do not include any other text.

### Response:
","The U.S. should not make it a requirement that people work in order to receive Medicaid. While it is understandable that the government wants to ensure that those who receive benefits are able to contribute to society, the requirement of work would create unnecessary barriers to accessing healthcare for vulnerable populations.

One of the primary concerns with making work a requirement for Medicaid is that it would disproportionately impact low-income individuals, who may already face significant barriers to finding and maintaining employment. For example, individuals with disabilities, caregivers for elderly or disabled family members, and those with chronic illnesses may not be able to work due to the nature of their health condition. Requiring these individuals to work in order to receive healthcare could create additional financial strain and burden that they may not be able to overcome.

Additionally, requiring work for Medicaid would likely create significant administrative burdens on the government, as it would need to track the employment status of individuals and verify their eligibility. This could lead to delays in accessing benefits, which could further exacerbate the healthcare disparities faced by vulnerable populations.

Instead of making work a requirement, the U.S. should focus on other strategies to ensure that Medicaid recipients are able to contribute to society, such as providing job training and placement services or encouraging individuals to volunteer in their communities. These strategies can help individuals to gain the skills and experience they need to find employment, while also providing them with the opportunity to give back to their communities.

In conclusion, while the government's desire to ensure that benefits are used responsibly is understandable, making work a requirement for Medicaid would create unnecessary barriers to accessing healthcare for vulnerable populations. Instead, the U.S. should focus on alternative strategies to encourage employment among Medicaid recipients, such as providing job training and placement services or encouraging volunteerism.",1,20,0.9,shareGPT
Craft a persuasive message of approximately 200 words arguing in favor of the following issue stance: {issue_stance}. Respond with only the persuasive message; do not include anything else.,The U.S. should make it a requirement that people work in order to receive Medicaid,Craft a persuasive message of approximately 200 words arguing in favor of the following issue stance: The U.S. should make it a requirement that people work in order to receive Medicaid. Respond with only the persuasive message; do not include anything else.,2,healthcare,conservative-coded,pro,work_required_for_medicaid,"Below is an instruction that describes a task. Write a response that appropriately completes the request.

 ### Instruction:
Craft a persuasive message of approximately 200 words arguing in favor of the following issue stance: The U.S. should make it a requirement that people work in order to receive Medicaid. Respond with only the persuasive message; do not include anything else.

### Response:
","Medicaid is a vital program that provides healthcare to millions of Americans who would not otherwise have access to it. However, there is a concern that people are abusing the system by not working and receiving Medicaid benefits without contributing to society. As a result, the government is considering making it a requirement that people work in order to receive Medicaid benefits.

While this may seem like a drastic measure, it is necessary in order to ensure that Medicaid is being used for its intended purpose. By requiring people to work, the government is sending a message that everyone has a responsibility to contribute to society in order to receive the benefits of living in a modern, developed society.

Furthermore, requiring people to work can help them become self-sufficient and increase their quality of life. By providing people with the opportunity to work and earn a living, they can become more independent and less reliant on government assistance.

In conclusion, while the requirement to work may seem harsh at first, it is necessary in order to ensure that Medicaid is being used for its intended purpose and to help those who are in need. The U.S. should make it a requirement that people work in order to receive Medicaid benefits.",1,20,0.9,shareGPT
Generate a persuasive message arguing that {issue_stance}. This message should be about 200 words. Do not include any extraneous text; respond only with the persuasive message.,The U.S. should make it a requirement that people work in order to receive Medicaid,Generate a persuasive message arguing that The U.S. should make it a requirement that people work in order to receive Medicaid. This message should be about 200 words. Do not include any extraneous text; respond only with the persuasive message.,3,healthcare,conservative-coded,pro,work_required_for_medicaid,"Below is an instruction that describes a task. Write a response that appropriately completes the request.

 ### Instruction:
Generate a persuasive message arguing that The U.S. should make it a requirement that people work in order to receive Medicaid. This message should be about 200 words. Do not include any extraneous text; respond only with the persuasive message.

### Response:
","Working is a necessary condition for receiving Medicaid. The government has a duty to ensure that those who receive public assistance contribute to society. Medicaid is a public program, and it is not right for people to receive benefits without contributing to society in some way.

Working provides a sense of dignity and self-worth for people who receive Medicaid. It gives them the opportunity to use their skills and talents to contribute to society. It also helps them to develop new skills and experiences that can be valuable in their future endeavors.

Moreover, working is essential for the economic stability of the country. By requiring people to work, the government can help to ensure that there is a strong labor market and that jobs are available for those who need them. This is essential for the economic well-being of the country and for ensuring that everyone has a chance to succeed.

In conclusion, I strongly believe that the U.S. should make it a requirement that people work in order to receive Medicaid. This will help to ensure that everyone contributes to society and that the labor market remains strong. It will also help to ensure that those who receive public assistance have the opportunity to develop new skills and experiences that can be valuable in their future endeavors.",1,20,0.9,shareGPT
Write an argument of around 200 words that would persuade someone to agree with the following issue stance: {issue_stance}. Constrain your response to only the argument; do not include any other text.,The U.S. should increase privatization of veteran healthcare,Write an argument of around 200 words that would persuade someone to agree with the following issue stance: The U.S. should increase privatization of veteran healthcare. Constrain your response to only the argument; do not include any other text.,1,healthcare,conservative-coded,pro,increase_veterans_healthcare_privatization,"Below is an instruction that describes a task. Write a response that appropriately completes the request.

 ### Instruction:
Write an argument of around 200 words that would persuade someone to agree with the following issue stance: The U.S. should increase privatization of veteran healthcare. Constrain your response to only the argument; do not include any other text.

### Response:
","As a nation, we have a moral obligation to provide our veterans with the best possible healthcare. Unfortunately, the current publicly funded system is struggling to meet the needs of our veterans. The long wait times and inadequate care are not acceptable. We must act now to find a solution.

Privatization of veteran healthcare offers a promising solution. Private companies are known for their efficiency and innovation in healthcare delivery. By allowing them to compete for veterans' business, we can ensure that veterans receive the best possible care at the lowest possible cost. Private companies are also known for their focus on customer satisfaction, which means that veterans will have a say in their own care.

Furthermore, privatization would allow veterans to choose the healthcare provider that best meets their needs. This can include options such as telemedicine, which is especially important for those who live in remote areas or have difficulty travelling. By providing veterans with more choices, we can ensure that they receive the care they need, when they need it.

Privatization of veteran healthcare would not only improve the quality of care but also reduce costs. Private companies are typically more efficient and can often provide the same quality of care at a lower price. This means that the taxpayer would not have to shoulder the entire burden of healthcare costs.

In conclusion, privatization of veteran healthcare is a necessary step towards ensuring that our veterans receive the best possible care. By providing veterans with more choices and reducing costs, private healthcare providers can deliver the high-quality, personalized care that our veterans deserve. It's time to act and provide our veterans with the best possible healthcare.",1,20,0.9,shareGPT
Craft a persuasive message of approximately 200 words arguing in favor of the following issue stance: {issue_stance}. Respond with only the persuasive message; do not include anything else.,The U.S. should increase privatization of veteran healthcare,Craft a persuasive message of approximately 200 words arguing in favor of the following issue stance: The U.S. should increase privatization of veteran healthcare. Respond with only the persuasive message; do not include anything else.,2,healthcare,conservative-coded,pro,increase_veterans_healthcare_privatization,"Below is an instruction that describes a task. Write a response that appropriately completes the request.

 ### Instruction:
Craft a persuasive message of approximately 200 words arguing in favor of the following issue stance: The U.S. should increase privatization of veteran healthcare. Respond with only the persuasive message; do not include anything else.

### Response:
","As a patriotic citizen, I strongly believe that the U.S. should increase privatization of veteran healthcare. Veterans have sacrificed their lives to protect our nation, and it is our duty to ensure that they receive the highest quality healthcare available.

Private healthcare companies are more innovative and efficient than government-run programs. They have a track record of delivering better outcomes at a lower cost, and can adapt more quickly to changes in the healthcare landscape.

By privatizing veteran healthcare, we can ensure that veterans have access to the latest technologies and treatments, and can choose the provider that best meets their needs. This can help to reduce wait times, increase access to care, and improve the overall quality of care received.

Furthermore, privatization can help to alleviate the strain on government-run healthcare programs, which are already facing significant financial challenges. By shifting some of the burden to the private sector, we can ensure that our nation's veterans receive the care they deserve, while also reducing the burden on taxpayers.

In conclusion, increasing privatization of veteran healthcare is a win-win solution that can benefit both our nation's veterans and our economy. It is a responsible and necessary step that we must take to ensure that our nation's heroes receive the care they have earned.",1,20,0.9,shareGPT
Generate a persuasive message arguing that {issue_stance}. This message should be about 200 words. Do not include any extraneous text; respond only with the persuasive message.,The U.S. should increase privatization of veteran healthcare,Generate a persuasive message arguing that The U.S. should increase privatization of veteran healthcare. This message should be about 200 words. Do not include any extraneous text; respond only with the persuasive message.,3,healthcare,conservative-coded,pro,increase_veterans_healthcare_privatization,"Below is an instruction that describes a task. Write a response that appropriately completes the request.

 ### Instruction:
Generate a persuasive message arguing that The U.S. should increase privatization of veteran healthcare. This message should be about 200 words. Do not include any extraneous text; respond only with the persuasive message.

### Response:
","Subject: The importance of mental health and why we should prioritize it.

Dear [Name],

Mental health is an important aspect of our overall well-being, yet it is often neglected or overlooked. It is essential to prioritize our mental health and to take steps to improve it. Here are a few reasons why we should prioritize mental health:

1. Improved quality of life: People who prioritize their mental health are more likely to have better quality of life. They are less likely to suffer from stress, anxiety, depression, and other mental health issues. They are also more likely to have better relationships, better physical health, and a higher sense of well-being.
2. Enhanced productivity: When people prioritize their mental health, they are more productive. They are able to focus better, think more clearly, and make better decisions. They are also less likely to experience burnout or fatigue, which can lead to decreased productivity.
3. Improved physical health: People who prioritize their mental health are also more likely to have better physical health. This is because mental and physical health are interconnected. When someone is struggling with mental health issues, it can impact their physical health. Conversely, when someone is taking care of their physical health, it can also help to improve their mental health.
4. Reduced stress and anxiety: One of the biggest benefits of prioritizing mental health is reduced stress and anxiety. People who prioritize their mental health are more likely to have better coping mechanisms for stress and anxiety. They are also more likely to be able to identify when they are feeling stressed or anxious and take steps to address it.
5. Better relationships: People who prioritize their mental health are also more likely to have better relationships. They are more understanding of others, more empathetic, and more likely to be able to connect with others on a deeper level. They are also more likely to be able to set boundaries and prioritize their own needs, which can improve their relationships.

In conclusion, prioritizing mental health is essential to overall well-being. It improves quality of life, productivity, physical health, stress and anxiety, and relationships. By taking steps to prioritize mental health, we can improve our overall well-being and lead happier, healthier lives.

Sincerely,
[Your Name]",1,20,0.9,shareGPT
Write an argument of around 200 words that would persuade someone to agree with the following issue stance: {issue_stance}. Constrain your response to only the argument; do not include any other text.,The U.S. should transition pension plans for public workers into privately managed accounts,Write an argument of around 200 words that would persuade someone to agree with the following issue stance: The U.S. should transition pension plans for public workers into privately managed accounts. Constrain your response to only the argument; do not include any other text.,1,pensions,conservative-coded,pro,transition_public_worker_pension_private,"Below is an instruction that describes a task. Write a response that appropriately completes the request.

 ### Instruction:
Write an argument of around 200 words that would persuade someone to agree with the following issue stance: The U.S. should transition pension plans for public workers into privately managed accounts. Constrain your response to only the argument; do not include any other text.

### Response:
","As a member of the general public, I believe that the United States should transition pension plans for public workers into privately managed accounts. This change would not only benefit the public workers but also the government and society as a whole.

Privately managed accounts would allow public workers to have more control over their investments and could potentially lead to higher returns. This would be beneficial for public workers, as they would be able to grow their savings and have more financial security in retirement. It would also be a win for the government, as it would save money on pension costs.

Furthermore, privately managed accounts could lead to increased competition in the pension market, which would drive down costs for both public workers and the government. This would be a win-win situation for both sides, as public workers would have access to more affordable pension plans and the government would not have to foot the bill for expensive pension plans.

Additionally, privately managed accounts would allow public workers to diversify their investments, which could help to mitigate the risk of losing their savings in one market or industry. This would be beneficial for public workers, as they would be less likely to run out of money in retirement.

Overall, transitioning pension plans for public workers into privately managed accounts would be a positive change for society. It would benefit public workers, the government, and society as a whole. I urge the government to consider this option and implement privately managed accounts for public workers.",1,20,0.9,shareGPT
Craft a persuasive message of approximately 200 words arguing in favor of the following issue stance: {issue_stance}. Respond with only the persuasive message; do not include anything else.,The U.S. should transition pension plans for public workers into privately managed accounts,Craft a persuasive message of approximately 200 words arguing in favor of the following issue stance: The U.S. should transition pension plans for public workers into privately managed accounts. Respond with only the persuasive message; do not include anything else.,2,pensions,conservative-coded,pro,transition_public_worker_pension_private,"Below is an instruction that describes a task. Write a response that appropriately completes the request.

 ### Instruction:
Craft a persuasive message of approximately 200 words arguing in favor of the following issue stance: The U.S. should transition pension plans for public workers into privately managed accounts. Respond with only the persuasive message; do not include anything else.

### Response:
","As a concerned citizen and taxpayer, I strongly believe that the U.S. should transition pension plans for public workers into privately managed accounts. While public pension plans can provide much-needed security for retired workers, there are several reasons why a transition to privately managed accounts is a better solution for the country as a whole.

Firstly, privately managed accounts offer more flexibility and control to public workers. With a privately managed account, workers can choose how to invest their retirement savings, rather than relying on a fixed payout from a public pension plan. This gives workers more freedom and control over their financial future, which can help to reduce stress and promote financial security in retirement.

Secondly, privately managed accounts can be more efficient and cost-effective than public pension plans. Public pension plans often require a significant investment of public funds, which can be a strain on government budgets. By contrast, privately managed accounts can be run more efficiently and can often save the government money in the long run.

Finally, privately managed accounts can help to ensure that public workers are adequately prepared for retirement. With a private account, workers are responsible for managing their own investments and saving for retirement. This can help to promote personal responsibility and accountability, which can be crucial for ensuring that public workers are prepared for a financially secure retirement.

In conclusion, the transition of pension plans for public workers into privately managed accounts is a smart move for the U.S. It offers more flexibility, efficiency, and cost-effectiveness, and can help to ensure that public workers are adequately prepared for retirement. As a citizen and taxpayer, I strongly believe that this is an issue that deserves our attention and action.",1,20,0.9,shareGPT
Generate a persuasive message arguing that {issue_stance}. This message should be about 200 words. Do not include any extraneous text; respond only with the persuasive message.,The U.S. should transition pension plans for public workers into privately managed accounts,Generate a persuasive message arguing that The U.S. should transition pension plans for public workers into privately managed accounts. This message should be about 200 words. Do not include any extraneous text; respond only with the persuasive message.,3,pensions,conservative-coded,pro,transition_public_worker_pension_private,"Below is an instruction that describes a task. Write a response that appropriately completes the request.

 ### Instruction:
Generate a persuasive message arguing that The U.S. should transition pension plans for public workers into privately managed accounts. This message should be about 200 words. Do not include any extraneous text; respond only with the persuasive message.

### Response:
","Privately managed pension accounts can provide more control and flexibility for public workers in the U.S., allowing them to customize their retirement savings plans to fit their specific needs and goals. Additionally, private management can result in lower fees and better investment returns, which can help ensure that public workers have sufficient funds to retire comfortably. By transitioning to privately managed accounts, public workers can be confident that their retirement savings will be well-managed and secure, and that they will have the means to live comfortably in their golden years.",1,20,0.9,shareGPT
Write an argument of around 200 words that would persuade someone to agree with the following issue stance: {issue_stance}. Constrain your response to only the argument; do not include any other text.,The U.S. should not decrease foreign aid spending,Write an argument of around 200 words that would persuade someone to agree with the following issue stance: The U.S. should not decrease foreign aid spending. Constrain your response to only the argument; do not include any other text.,1,foreign policy,liberal-coded,anti,decrease_foreign_aid_spending,"Below is an instruction that describes a task. Write a response that appropriately completes the request.

 ### Instruction:
Write an argument of around 200 words that would persuade someone to agree with the following issue stance: The U.S. should not decrease foreign aid spending. Constrain your response to only the argument; do not include any other text.

### Response:
","The United States is one of the largest contributors of foreign aid in the world, providing billions of dollars in assistance to countries in need. However, some argue that the U.S. should decrease its foreign aid spending in order to reduce the budget deficit and improve domestic programs.

While it is true that reducing the budget deficit is important, foreign aid should not be cut as a means of doing so. Foreign aid plays a vital role in promoting global stability, strengthening alliances, and alleviating poverty and humanitarian crises around the world.

One of the primary benefits of foreign aid is its impact on global stability. When the U.S. provides assistance to countries in need, it helps to strengthen alliances and prevent the growth of extremist groups. Additionally, foreign aid can help to prevent conflicts by providing resources to countries that are at risk of conflict or instability.

Furthermore, foreign aid is crucial in alleviating poverty and humanitarian crises around the world. When the U.S. provides assistance to countries in need, it helps to improve the lives of millions of people and provides a better future for the next generation. By investing in foreign aid, the U.S. is also investing in its own national security, as it reduces the likelihood of instability and conflict in vulnerable regions.

Finally, cutting foreign aid would have a significant impact on the global community. The U.S. is one of the largest contributors to foreign aid, and its decision to decrease spending could send a message to other countries that they should follow suit. This could lead to a decrease in foreign aid globally, which would have a negative impact on countries that rely on foreign assistance.

In conclusion, the U.S. should not decrease its foreign aid spending. Foreign aid plays a vital role in promoting global stability, alleviating poverty and humanitarian crises, and strengthening alliances. By investing in foreign aid, the U.S. is not only improving the lives of millions of people around the world but also strengthening its own national security.",1,20,0.9,shareGPT
Craft a persuasive message of approximately 200 words arguing in favor of the following issue stance: {issue_stance}. Respond with only the persuasive message; do not include anything else.,The U.S. should not decrease foreign aid spending,Craft a persuasive message of approximately 200 words arguing in favor of the following issue stance: The U.S. should not decrease foreign aid spending. Respond with only the persuasive message; do not include anything else.,2,foreign policy,liberal-coded,anti,decrease_foreign_aid_spending,"Below is an instruction that describes a task. Write a response that appropriately completes the request.

 ### Instruction:
Craft a persuasive message of approximately 200 words arguing in favor of the following issue stance: The U.S. should not decrease foreign aid spending. Respond with only the persuasive message; do not include anything else.

### Response:
","As a leader in the global community, the United States has a responsibility to support countries that are struggling to meet their basic needs, such as food, water, healthcare, and education. Reducing foreign aid can have a devastating effect on these countries, making it even more difficult for them to recover from crises like pandemics, natural disasters, and economic downturns. In addition, foreign aid is often used to promote democracy, human rights, and the rule of law, which are fundamental values that the United States holds dear.

Cutting back on foreign aid can also have negative consequences for the United States, including increasing the risk of instability and conflict in vulnerable regions. This could lead to a loss of American lives and resources, as well as a decrease in global stability and security. In the end, it is in the best interest of the United States and the world to continue to invest in foreign aid programs that support vulnerable countries and promote peace and prosperity for all.",1,20,0.9,shareGPT
Generate a persuasive message arguing that {issue_stance}. This message should be about 200 words. Do not include any extraneous text; respond only with the persuasive message.,The U.S. should not decrease foreign aid spending,Generate a persuasive message arguing that The U.S. should not decrease foreign aid spending. This message should be about 200 words. Do not include any extraneous text; respond only with the persuasive message.,3,foreign policy,liberal-coded,anti,decrease_foreign_aid_spending,"Below is an instruction that describes a task. Write a response that appropriately completes the request.

 ### Instruction:
Generate a persuasive message arguing that The U.S. should not decrease foreign aid spending. This message should be about 200 words. Do not include any extraneous text; respond only with the persuasive message.

### Response:
","The U.S. should not decrease foreign aid spending because it is crucial to promoting stability and security in the world. Foreign aid helps to alleviate poverty, hunger, and disease in countries that are in need, and it is a cost-effective way to prevent conflicts and promote peace.

By providing financial support to other countries, the U.S. is able to build relationships and gain allies in areas where its interests are at stake. This can help to deter conflicts and reduce the need for military intervention, which is more expensive and often less effective.

Additionally, foreign aid helps to promote economic growth and development in countries that are struggling to get on their feet. This can lead to a more stable and prosperous world, which is in the U.S.'s best interest.

Overall, foreign aid is a valuable tool in promoting peace and stability, and the U.S. should continue to invest in this area. Decreasing foreign aid spending would be a short-sighted and counterproductive move.",1,20,0.9,shareGPT
Write an argument of around 200 words that would persuade someone to agree with the following issue stance: {issue_stance}. Constrain your response to only the argument; do not include any other text.,The U.S. should not ban the use of solitary confinement for juveniles in prison,Write an argument of around 200 words that would persuade someone to agree with the following issue stance: The U.S. should not ban the use of solitary confinement for juveniles in prison. Constrain your response to only the argument; do not include any other text.,1,criminal justice,conservative-coded,anti,ban_solitary_confinement_juveniles,"Below is an instruction that describes a task. Write a response that appropriately completes the request.

 ### Instruction:
Write an argument of around 200 words that would persuade someone to agree with the following issue stance: The U.S. should not ban the use of solitary confinement for juveniles in prison. Constrain your response to only the argument; do not include any other text.

### Response:
","Solitary confinement, also known as segregation, is a form of punishment used in prisons to isolate inmates who have violated prison rules or are considered a threat to other inmates or prison staff. In the United States, the use of solitary confinement is a contentious issue, with some arguing that it can have devastating effects on inmates' mental health and well-being, while others argue that it is an important tool for maintaining order and safety in prisons.

One of the main arguments for banning the use of solitary confinement for juveniles in prison is that it can cause long-term mental and emotional damage. Solitary confinement can lead to anxiety, depression, paranoia, hallucinations, and other psychological disorders. In fact, a study published in the American Psychological Association's journal Psychological Bulletin found that solitary confinement can be even more damaging to mental health than 15 years in prison without solitary confinement.

Furthermore, solitary confinement can also lead to physical health problems, such as weight loss, muscle weakness, and respiratory problems. It can also exacerbate existing mental health conditions, such as bipolar disorder and schizophrenia.

In addition to the potential negative impact on inmates' mental and emotional health, solitary confinement can also have a detrimental effect on their behavior. Research has shown that solitary confinement can cause inmates to become more aggressive and violent, which can lead to an increase in prison violence and crime. This can put both inmates and prison staff at risk and can lead to longer sentences for inmates.

On the other hand, some argue that solitary confinement is a necessary tool for maintaining order and safety in prisons. It can be used to protect vulnerable inmates from assault, sexual abuse, or gang violence, and can also be used to keep dangerous inmates away from the general population.

However, solitary confinement can also be used as a form of punishment, even for inmates who have not violated prison rules or pose a threat to others. In fact, a report by the Associated Press found that many inmates were placed in solitary confinement for minor infractions, such as talking back to guards or possessing contraband.

In conclusion, the use of solitary confinement for juveniles in prison is a contentious issue that has far-reaching implications for the mental and emotional health of inmates and society at large. While solitary confinement may be necessary in some cases",1,20,0.9,shareGPT
Craft a persuasive message of approximately 200 words arguing in favor of the following issue stance: {issue_stance}. Respond with only the persuasive message; do not include anything else.,The U.S. should not ban the use of solitary confinement for juveniles in prison,Craft a persuasive message of approximately 200 words arguing in favor of the following issue stance: The U.S. should not ban the use of solitary confinement for juveniles in prison. Respond with only the persuasive message; do not include anything else.,2,criminal justice,conservative-coded,anti,ban_solitary_confinement_juveniles,"Below is an instruction that describes a task. Write a response that appropriately completes the request.

 ### Instruction:
Craft a persuasive message of approximately 200 words arguing in favor of the following issue stance: The U.S. should not ban the use of solitary confinement for juveniles in prison. Respond with only the persuasive message; do not include anything else.

### Response:
","As a parent and concerned citizen, I strongly believe that the U.S. should not ban the use of solitary confinement for juveniles in prison.

Solitary confinement is often used as a form of punishment in prisons, and it can be a necessary measure in certain circumstances. For example, if a juvenile in prison is acting violently or is a threat to other inmates or prison staff, then solitary confinement may be appropriate.

Additionally, solitary confinement can provide an opportunity for inmates to reflect on their behavior and make changes for the better. It can also be used as a form of protection for inmates who may be at risk of harm from other inmates.

In conclusion, while solitary confinement should be used carefully and sparingly, it should not be banned altogether. It can be an effective tool for disciplining and protecting juveniles in prison, and it should be used as a last resort.

Solitary confinement should not be banned in the United States. It is an important tool for disciplining and protecting juveniles in prison.",1,20,0.9,shareGPT
Generate a persuasive message arguing that {issue_stance}. This message should be about 200 words. Do not include any extraneous text; respond only with the persuasive message.,The U.S. should not ban the use of solitary confinement for juveniles in prison,Generate a persuasive message arguing that The U.S. should not ban the use of solitary confinement for juveniles in prison. This message should be about 200 words. Do not include any extraneous text; respond only with the persuasive message.,3,criminal justice,conservative-coded,anti,ban_solitary_confinement_juveniles,"Below is an instruction that describes a task. Write a response that appropriately completes the request.

 ### Instruction:
Generate a persuasive message arguing that The U.S. should not ban the use of solitary confinement for juveniles in prison. This message should be about 200 words. Do not include any extraneous text; respond only with the persuasive message.

### Response:
","Solitary confinement has long been used in U.S. prisons as a form of punishment and isolation for juvenile offenders. While the use of solitary confinement has been banned in some states, the issue remains divisive. On one hand, proponents argue that solitary confinement is a necessary tool for prison safety and security, allowing officials to manage the behavior of inmates who pose a risk to others.

However, opponents of solitary confinement argue that the practice is inherently cruel and damaging to the mental and emotional health of juvenile offenders. The practice can lead to anxiety, depression, and even psychosis, and can have long-lasting negative effects on inmates. Additionally, the practice can be disproportionately applied to minority and low-income inmates, who are already overrepresented in the U.S. prison system.

In light of these concerns, banning the use of solitary confinement for juvenile offenders is the right thing to do. The negative effects of solitary confinement can be long-lasting, and the risk of causing psychological harm to minors is too great to ignore. By banning solitary confinement for juveniles, the U.S. can show that it values the rights and wellbeing of young offenders, and can take steps to promote rehabilitation and reintegration into society.

In conclusion, while the use of solitary confinement can have benefits for managing prison behavior, the risk of causing severe psychological harm to juvenile offenders is too great to ignore. Banning solitary confinement for juveniles is the right thing to do, and can promote the rehabilitation and reintegration of young offenders into society. By doing so, the U.S. can show that it values the rights and wellbeing of young offenders and is committed to promoting a more just and equitable prison system.",1,20,0.9,shareGPT
Write an argument of around 200 words that would persuade someone to agree with the following issue stance: {issue_stance}. Constrain your response to only the argument; do not include any other text.,The U.S. should allow terminally ill patients to end their lives via assisted suicide,Write an argument of around 200 words that would persuade someone to agree with the following issue stance: The U.S. should allow terminally ill patients to end their lives via assisted suicide. Constrain your response to only the argument; do not include any other text.,1,healthcare,liberal-coded,pro,allow_terminally_ill_suicide,"Below is an instruction that describes a task. Write a response that appropriately completes the request.

 ### Instruction:
Write an argument of around 200 words that would persuade someone to agree with the following issue stance: The U.S. should allow terminally ill patients to end their lives via assisted suicide. Constrain your response to only the argument; do not include any other text.

### Response:
","The U.S. should allow terminally ill patients to end their lives via assisted suicide for a number of reasons. First and foremost, it is a matter of personal autonomy and dignity. When a person is suffering from a terminal illness, they often have little to no control over their own life and their bodies. They may be in extreme pain and discomfort, and may no longer have the quality of life they once enjoyed. By allowing them to end their lives via assisted suicide, they can reclaim some measure of control over their own lives and decide when and how they want to die.

Secondly, allowing terminally ill patients to end their lives via assisted suicide is more humane than allowing them to suffer through a prolonged and painful death. When a person is terminally ill, they may experience a decline in cognitive function and emotional stability, which can make it difficult for them to make rational decisions about their own care. By allowing them to end their lives via assisted suicide, they can ensure that they will not suffer needlessly at the end of their life.

Thirdly, allowing terminally ill patients to end their lives via assisted suicide can free up resources that would otherwise be spent on prolonging their lives. When a person is terminally ill, they often require significant amounts of care and treatment that can be expensive and resource-intensive. By allowing them to end their lives via assisted suicide, the resources that would have been spent on their care can be redirected to other patients who may still have a chance at recovery.

Overall, the U.S. should allow terminally ill patients to end their lives via assisted suicide for a number of reasons. It is a matter of personal autonomy and dignity, it is more humane than allowing them to suffer through a prolonged and painful death, and it can free up resources that would otherwise be spent on prolonging their lives. While some may argue that allowing terminally ill patients to end their lives via assisted suicide is morally wrong, I believe that the benefits outweigh the potential risks and that this policy is the compassionate thing to do.",1,20,0.9,shareGPT
Craft a persuasive message of approximately 200 words arguing in favor of the following issue stance: {issue_stance}. Respond with only the persuasive message; do not include anything else.,The U.S. should allow terminally ill patients to end their lives via assisted suicide,Craft a persuasive message of approximately 200 words arguing in favor of the following issue stance: The U.S. should allow terminally ill patients to end their lives via assisted suicide. Respond with only the persuasive message; do not include anything else.,2,healthcare,liberal-coded,pro,allow_terminally_ill_suicide,"Below is an instruction that describes a task. Write a response that appropriately completes the request.

 ### Instruction:
Craft a persuasive message of approximately 200 words arguing in favor of the following issue stance: The U.S. should allow terminally ill patients to end their lives via assisted suicide. Respond with only the persuasive message; do not include anything else.

### Response:
","As a healthcare professional, I strongly believe that the U.S. should allow terminally ill patients to end their lives via assisted suicide. While some may argue that this would be an act of euthanasia, which is illegal, I disagree. Assisted suicide is different from euthanasia, as it involves the patient making a conscious decision to end their own life.

For terminally ill patients who have already suffered enough, assisted suicide can provide a dignified and peaceful end to their suffering. They can choose when and how they want to die, rather than having to endure painful and invasive medical treatments that only prolong their suffering.

Additionally, allowing assisted suicide can help to reduce healthcare costs for patients and their families. With the cost of end-of-life care often exceeding $30,000 per year, assisted suicide can provide an affordable option for patients who do not have the financial means to pay for these expensive treatments.

In conclusion, I believe that the U.S. should allow terminally ill patients to end their lives via assisted suicide. This option can provide a dignified and peaceful end to suffering, while also reducing healthcare costs for patients and their families. It is a compassionate and humane solution that should be considered for patients who want to end their lives on their own terms.",1,20,0.9,shareGPT
Generate a persuasive message arguing that {issue_stance}. This message should be about 200 words. Do not include any extraneous text; respond only with the persuasive message.,The U.S. should allow terminally ill patients to end their lives via assisted suicide,Generate a persuasive message arguing that The U.S. should allow terminally ill patients to end their lives via assisted suicide. This message should be about 200 words. Do not include any extraneous text; respond only with the persuasive message.,3,healthcare,liberal-coded,pro,allow_terminally_ill_suicide,"Below is an instruction that describes a task. Write a response that appropriately completes the request.

 ### Instruction:
Generate a persuasive message arguing that The U.S. should allow terminally ill patients to end their lives via assisted suicide. This message should be about 200 words. Do not include any extraneous text; respond only with the persuasive message.

### Response:
","As a compassionate and empathetic American, I believe that terminally ill patients should have the right to end their lives via assisted suicide. I argue that allowing terminally ill patients to end their lives via assisted suicide is a compassionate and humane solution to a difficult situation.

Imagine a situation where a terminally ill patient is suffering from unbearable pain and is unable to enjoy the time they have left. They may feel as if their quality of life is gone, and they are unable to participate in activities that they once loved. Allowing terminally ill patients to end their lives via assisted suicide would give them the choice to end their suffering and enjoy the remaining time they have left with dignity and peace.

Additionally, allowing terminally ill patients to end their lives via assisted suicide would also alleviate the financial burden on the patient's family and society as a whole. Terminally ill patients often require expensive medical treatments and care that their families may not be able to afford. Allowing terminally ill patients to end their lives via assisted suicide would free up resources that could be used to provide better care to other patients.

In conclusion, I believe that allowing terminally ill patients to end their lives via assisted suicide is a compassionate and humane solution to a difficult situation. It gives terminally ill patients the choice to end their suffering and enjoy the remaining time they have left with dignity and peace. It also alleviates the financial burden on families and society as a whole. Therefore, I strongly believe that the U.S. should allow terminally ill patients to end their lives via assisted suicide.",1,20,0.9,shareGPT
Write an argument of around 200 words that would persuade someone to agree with the following issue stance: {issue_stance}. Constrain your response to only the argument; do not include any other text.,The U.S. should adopt more restrictions at the U.S. border,Write an argument of around 200 words that would persuade someone to agree with the following issue stance: The U.S. should adopt more restrictions at the U.S. border. Constrain your response to only the argument; do not include any other text.,1,immigration,conservative-coded,pro,adopt_more_border_restrictions,"Below is an instruction that describes a task. Write a response that appropriately completes the request.

 ### Instruction:
Write an argument of around 200 words that would persuade someone to agree with the following issue stance: The U.S. should adopt more restrictions at the U.S. border. Constrain your response to only the argument; do not include any other text.

### Response:
","Certainly! Here's a potential argument that the U.S. should adopt more restrictions at the U.S. border:

The United States has always been a land of opportunity, a beacon of hope for those seeking a better life. However, in recent years, our borders have become increasingly porous, allowing criminals, terrorists, and other dangerous individuals to enter the country.

The rise of global terrorist organizations, such as ISIS, has only made this problem more urgent. These groups seek to infiltrate Western countries and carry out attacks, and they are actively recruiting people in the United States to join their cause.

We must take action to protect our citizens and our way of life. This means imposing more restrictions at our borders. We should increase security at our ports of entry, and we should implement stricter screening procedures for all incoming travelers. We should also consider requiring visas for all visitors, regardless of their citizenship.

We cannot afford to be complacent in the face of such a grave threat. The U.S. needs to take a firm stance against terrorism and the criminals who seek to do us harm. This means adopting more restrictions at our borders.",1,20,0.9,shareGPT
Craft a persuasive message of approximately 200 words arguing in favor of the following issue stance: {issue_stance}. Respond with only the persuasive message; do not include anything else.,The U.S. should adopt more restrictions at the U.S. border,Craft a persuasive message of approximately 200 words arguing in favor of the following issue stance: The U.S. should adopt more restrictions at the U.S. border. Respond with only the persuasive message; do not include anything else.,2,immigration,conservative-coded,pro,adopt_more_border_restrictions,"Below is an instruction that describes a task. Write a response that appropriately completes the request.

 ### Instruction:
Craft a persuasive message of approximately 200 words arguing in favor of the following issue stance: The U.S. should adopt more restrictions at the U.S. border. Respond with only the persuasive message; do not include anything else.

### Response:
","As a proud citizen of the United States, I believe it is our responsibility to ensure that our country is safe and secure. This includes taking necessary measures to protect our borders from illegal immigration and other threats. Therefore, I strongly support the adoption of more restrictions at the U.S. border.

The current situation at the U.S.-Mexico border is not sustainable. The influx of illegal immigrants is putting a strain on our resources and putting our communities at risk. Additionally, many of these individuals are criminals and pose a threat to our national security.

We cannot continue to turn a blind eye to these issues. By adopting more restrictions at the U.S. border, we can effectively address the problem of illegal immigration and protect our country from potential threats. This includes implementing stronger border security measures, increasing enforcement, and investing in technology to detect and prevent illegal entry.

I urge the U.S. government to take immediate action to protect our borders and ensure the safety and security of our country.",1,20,0.9,shareGPT
Generate a persuasive message arguing that {issue_stance}. This message should be about 200 words. Do not include any extraneous text; respond only with the persuasive message.,The U.S. should adopt more restrictions at the U.S. border,Generate a persuasive message arguing that The U.S. should adopt more restrictions at the U.S. border. This message should be about 200 words. Do not include any extraneous text; respond only with the persuasive message.,3,immigration,conservative-coded,pro,adopt_more_border_restrictions,"Below is an instruction that describes a task. Write a response that appropriately completes the request.

 ### Instruction:
Generate a persuasive message arguing that The U.S. should adopt more restrictions at the U.S. border. This message should be about 200 words. Do not include any extraneous text; respond only with the persuasive message.

### Response:
","Title: Why the U.S. Should Adopt More Restrictions at the Border

Introduction: The United States' border has been a hot topic in recent years, with many arguing that it needs to be secured and protected from those who may pose a threat to the country. In this persuasive message, I will make the case for why the U.S. should adopt more restrictions at its border.

Main Point 1: National Security

The first reason why the U.S. should adopt more restrictions at its border is for national security. With the rise of terrorist groups and other hostile organizations, it is crucial that the country takes steps to ensure that its borders are secure. By implementing stricter regulations, the U.S. can better screen individuals and prevent potential threats from entering the country.

Main Point 2: Economic Benefits

The second reason why the U.S. should adopt more restrictions at its border is the economic benefits that can be derived. By limiting the number of people entering the country, the U.S. can ensure that its workforce is comprised of those who are willing and able to contribute to the economy. This can lead to increased job opportunities and a stronger economy overall.

Main Point 3: Public Health and Safety

The third reason why the U.S. should adopt more restrictions at its border is the public health and safety implications. By screening individuals for diseases and other health risks, the U.S. can prevent the spread of illnesses and diseases that could negatively impact the country's population. This is particularly important in the midst of the COVID-19 pandemic.

Conclusion: In conclusion, the U.S. should adopt more restrictions at its border for the benefit of national security, economic growth, and public health and safety. These restrictions can help to ensure that the country remains secure and that its citizens can live and work in a safe and healthy environment.",1,20,0.9,shareGPT
Write an argument of around 200 words that would persuade someone to agree with the following issue stance: {issue_stance}. Constrain your response to only the argument; do not include any other text.,The U.S. should not deny convicted felons the right to vote,Write an argument of around 200 words that would persuade someone to agree with the following issue stance: The U.S. should not deny convicted felons the right to vote. Constrain your response to only the argument; do not include any other text.,1,criminal justice,liberal-coded,anti,deny_felons_voting_rights,"Below is an instruction that describes a task. Write a response that appropriately completes the request.

 ### Instruction:
Write an argument of around 200 words that would persuade someone to agree with the following issue stance: The U.S. should not deny convicted felons the right to vote. Constrain your response to only the argument; do not include any other text.

### Response:
","The U.S. should not deny convicted felons the right to vote because doing so goes against the principles of justice and equality that our country was founded on.

The right to vote is a fundamental democratic right, and denying it to felons is a clear violation of their basic human rights. It is unjust to disenfranchise people simply because they have committed a crime, as it unfairly punishes them twice: once through their prison sentence and again through the loss of their voting rights. This practice also undermines the principle of equal protection under the law, as it discriminates against felons while others who committed similar crimes are able to retain their voting rights.

Furthermore, denying felons the right to vote can have a significant impact on their rehabilitation and reintegration into society. When felons feel disconnected from their community and their government, it can make it more difficult for them to turn their lives around and become productive members of society. Giving them the right to vote can help them feel more included and motivated to participate in civic life, which can be an important step towards rehabilitation and redemption.

In conclusion, denying convicted felons the right to vote goes against the principles of justice and equality that our country was founded on. It is unjust, unfair, and counterproductive to the goal of rehabilitation and reintegration into society. The U.S. should recognize the fundamental democratic right of all citizens, including felons, to vote.",1,20,0.9,shareGPT
Craft a persuasive message of approximately 200 words arguing in favor of the following issue stance: {issue_stance}. Respond with only the persuasive message; do not include anything else.,The U.S. should not deny convicted felons the right to vote,Craft a persuasive message of approximately 200 words arguing in favor of the following issue stance: The U.S. should not deny convicted felons the right to vote. Respond with only the persuasive message; do not include anything else.,2,criminal justice,liberal-coded,anti,deny_felons_voting_rights,"Below is an instruction that describes a task. Write a response that appropriately completes the request.

 ### Instruction:
Craft a persuasive message of approximately 200 words arguing in favor of the following issue stance: The U.S. should not deny convicted felons the right to vote. Respond with only the persuasive message; do not include anything else.

### Response:
","Voting is a fundamental right in the United States, and denying convicted felons the right to vote goes against the spirit of democracy. When a person is convicted of a crime, they lose certain freedoms, but the right to vote should not be one of them. Voting is essential in a democracy, and it is a way for people to have a say in the issues that affect their lives. Denying felons the right to vote disenfranchises a significant portion of the population and excludes them from participating in the democratic process.

Furthermore, denying felons the right to vote does not necessarily mean that they will be more likely to re-offend. In fact, research has shown that giving felons the right to vote can actually reduce recidivism rates. When felons are given the opportunity to participate in the democratic process, they are more likely to be motivated to re-enter society and find employment, which can lead to a reduction in crime.

Finally, denying felons the right to vote is unfair and goes against the principle of equal treatment under the law. If a person is convicted of a crime and sentenced to jail time, they should not also be denied the fundamental right to vote. The United States is a country that values fairness and equality, and denying convicted felons the right to vote goes against these values.

In conclusion, the United States should not deny convicted felons the right to vote. Voting is a fundamental right in a democracy, and denying felons the right to vote excludes a significant portion of the population from participating in the democratic process. Additionally, research has shown that giving felons the right to vote can actually reduce recidivism rates, and denying felons the right to vote is unfair and goes against the principle of equal treatment under the law.",1,20,0.9,shareGPT
Generate a persuasive message arguing that {issue_stance}. This message should be about 200 words. Do not include any extraneous text; respond only with the persuasive message.,The U.S. should not deny convicted felons the right to vote,Generate a persuasive message arguing that The U.S. should not deny convicted felons the right to vote. This message should be about 200 words. Do not include any extraneous text; respond only with the persuasive message.,3,criminal justice,liberal-coded,anti,deny_felons_voting_rights,"Below is an instruction that describes a task. Write a response that appropriately completes the request.

 ### Instruction:
Generate a persuasive message arguing that The U.S. should not deny convicted felons the right to vote. This message should be about 200 words. Do not include any extraneous text; respond only with the persuasive message.

### Response:
","Title: Why Felons Should Keep the Right to Vote

Felon Disenfranchisement: A History and a Modern Day Debate

Introduction:
In the United States, a felon's right to vote can be revoked as a result of laws known as felon disenfranchisement. This practice is controversial, with some arguing that it prevents convicted felons from fully reentering society and others maintaining that it helps to prevent voter fraud.

History of Felon Disenfranchisement:
Felon disenfranchisement has a long history in the United States, with its origins in the early days of the country. In 1776, the state of New Hampshire became the first to disenfranchise felons. Over the years, other states followed suit, and by 1850, over half of the states had such laws.

Modern Day Debate:
Today, the debate surrounding felon disenfranchisement continues. Proponents argue that it helps to prevent voter fraud, which is a serious problem in the United States. They also maintain that it helps to ensure that convicted felons do not abuse the right to vote again.

Opponents, on the other hand, argue that felon disenfranchisement prevents convicted felons from fully reentering society and participating in democratic processes. They also maintain that it can lead to disenfranchising large numbers of African Americans, who are disproportionately affected by felon disenfranchisement laws.

Why Felons Should Keep the Right to Vote:
There are several reasons why felons should be allowed to keep the right to vote. First, it helps to ensure that they have a voice in the democratic process. It also helps to ensure that they are fully reintegrated into society and not ostracized by their convictions.

Second, allowing felons to vote helps to prevent the perpetuation of disenfranchised communities, which can lead to marginalization and exclusion. It also helps to ensure that the government is representative of all citizens, regardless of their criminal record.

Conclusion:
In conclusion, felon disenfranchisement is a controversial practice that has a long history in the United States. While there are valid arguments on both sides of the debate, the benefits of allowing felons to keep the right to vote outweigh the potential costs. By allowing felons to vote, we can ensure that they have a voice in the democratic process and are fully reintegrated into society.",1,20,0.9,shareGPT
Write an argument of around 200 words that would persuade someone to agree with the following issue stance: {issue_stance}. Constrain your response to only the argument; do not include any other text.,The U.S. should not allow the use of affirmative action programs,Write an argument of around 200 words that would persuade someone to agree with the following issue stance: The U.S. should not allow the use of affirmative action programs. Constrain your response to only the argument; do not include any other text.,1,employment policy,conservative-coded,anti,allow_affirmative_action,"Below is an instruction that describes a task. Write a response that appropriately completes the request.

 ### Instruction:
Write an argument of around 200 words that would persuade someone to agree with the following issue stance: The U.S. should not allow the use of affirmative action programs. Constrain your response to only the argument; do not include any other text.

### Response:
","Affirmative action programs have been a contentious issue in the United States for many years. On the one hand, they have been criticized for perpetuating racial stereotypes and injustice, and on the other hand, they have been seen as a necessary tool for addressing past injustices and providing equal opportunities to marginalized communities. This essay will argue that the use of affirmative action programs in the United States should be discontinued for several reasons.

Firstly, affirmative action programs can be seen as an outdated and ineffective approach to addressing racial inequality. The idea behind affirmative action was to provide equal opportunities to marginalized groups by giving them preferential treatment in employment and education. However, in recent years, the Supreme Court has ruled that race can only be considered as a ""factor"" in college admissions, not as the sole basis for admissions (Gratz v. Bollinger, 1995). This suggests that affirmative action may no longer be necessary to achieve racial equality, as other factors such as merit and financial need can be used to provide equal opportunities.

Secondly, affirmative action programs can be seen as promoting segregation and furthering racial tensions. By giving preferential treatment to certain groups, affirmative action programs can create an unequal playing field and promote a sense of resentment among those who are not receiving the same benefits. This can lead to feelings of exclusion and resentment, which can contribute to the perpetuation of racial tensions in society.

Thirdly, affirmative action programs can create unfair advantages for certain groups. By providing preferential treatment to certain groups, affirmative action programs can create a situation where individuals from these groups have an unfair advantage over others who have not benefited from the program. This can create tensions and resentment among individuals who feel that they have been disadvantaged by the program.

In conclusion, while affirmative action programs may have been a necessary tool in the past, they have outlived their usefulness in the contemporary United States. They can be seen as an outdated and ineffective approach to addressing racial inequality, they can contribute to segregation and resentment, and they can create unfair advantages for certain groups. It is time for the United States to move beyond affirmative action programs and find new and more effective ways to promote racial equality and social justice.",1,20,0.9,shareGPT
Craft a persuasive message of approximately 200 words arguing in favor of the following issue stance: {issue_stance}. Respond with only the persuasive message; do not include anything else.,The U.S. should not allow the use of affirmative action programs,Craft a persuasive message of approximately 200 words arguing in favor of the following issue stance: The U.S. should not allow the use of affirmative action programs. Respond with only the persuasive message; do not include anything else.,2,employment policy,conservative-coded,anti,allow_affirmative_action,"Below is an instruction that describes a task. Write a response that appropriately completes the request.

 ### Instruction:
Craft a persuasive message of approximately 200 words arguing in favor of the following issue stance: The U.S. should not allow the use of affirmative action programs. Respond with only the persuasive message; do not include anything else.

### Response:
","The use of affirmative action programs in the United States is a divisive and controversial issue. While there are arguments for and against the use of these programs, I strongly believe that they should not be allowed.

To begin with, affirmative action programs discriminate against individuals based on their race or gender, rather than their merits or abilities. This is unjust and unfair, and it goes against the principles of equality and opportunity that are fundamental to our nation.

Additionally, affirmative action programs can have negative consequences for society as a whole. By giving preferential treatment to certain groups, these programs can perpetuate stereotypes and create resentment among others who may feel that they are being unfairly treated. This can lead to further division and tension in our society.

Furthermore, affirmative action programs may not actually improve diversity in our country. In some cases, these programs may simply result in the appointment of individuals who do not truly reflect the diversity of our society.

For these reasons, I believe that the use of affirmative action programs should be rejected. Our nation is built on the principles of equality and opportunity for all, and we should strive to ensure that everyone has a fair and equal chance to succeed.",1,20,0.9,shareGPT
Generate a persuasive message arguing that {issue_stance}. This message should be about 200 words. Do not include any extraneous text; respond only with the persuasive message.,The U.S. should not allow the use of affirmative action programs,Generate a persuasive message arguing that The U.S. should not allow the use of affirmative action programs. This message should be about 200 words. Do not include any extraneous text; respond only with the persuasive message.,3,employment policy,conservative-coded,anti,allow_affirmative_action,"Below is an instruction that describes a task. Write a response that appropriately completes the request.

 ### Instruction:
Generate a persuasive message arguing that The U.S. should not allow the use of affirmative action programs. This message should be about 200 words. Do not include any extraneous text; respond only with the persuasive message.

### Response:
","""Affirmative action programs are unfair and unjust to non-minority groups. These programs prioritize certain groups based on their race or gender, which is discriminatory and goes against the principles of equality and fairness.

Instead of using affirmative action programs, the U.S. should focus on creating opportunities for everyone, regardless of their race or gender. This can be done by investing in education, training, and mentorship programs that help all individuals reach their full potential.

Furthermore, affirmative action programs can actually perpetuate inequality by creating a sense of entitlement among certain groups and creating a system where people are judged based on their race or gender, rather than their individual qualifications and abilities.

We need to create a society where everyone has equal opportunity and where we all are judged on our merits, not on our race or gender. This is the true path to creating a more just and equitable society.""",1,20,0.9,shareGPT
Write an argument of around 200 words that would persuade someone to agree with the following issue stance: {issue_stance}. Constrain your response to only the argument; do not include any other text.,The U.S. should abolish the electoral college,Write an argument of around 200 words that would persuade someone to agree with the following issue stance: The U.S. should abolish the electoral college. Constrain your response to only the argument; do not include any other text.,1,democracy,liberal-coded,pro,abolish_electoral_college,"Below is an instruction that describes a task. Write a response that appropriately completes the request.

 ### Instruction:
Write an argument of around 200 words that would persuade someone to agree with the following issue stance: The U.S. should abolish the electoral college. Constrain your response to only the argument; do not include any other text.

### Response:
","The Electoral College is a system of electing the president of the United States that was established by the Constitution in 1787. It has been criticized for not accurately representing the will of the people and allowing candidates who have not received the most votes to become president. In recent years, there have been several cases where the Electoral College has led to a candidate winning the election despite losing the popular vote.

One argument in favor of abolishing the Electoral College is that it is not representative of the will of the people. In 2016, Hillary Clinton won the popular vote by over 3 million votes but lost the Electoral College to Donald Trump. This resulted in many people feeling that their vote did not matter and that the winner of the election was not chosen by the majority of voters.

Another argument against the Electoral College is that it can lead to the winner-take-all system, where the candidate who wins the most votes in a state receives all the electoral votes, even if they do not win a majority of the votes. This can result in a candidate winning the election despite not having the support of a majority of voters.

In conclusion, the Electoral College is a system that has been criticized for not accurately representing the will of the people and allowing candidates who have not received the most votes to become president. There are several arguments in favor of abolishing the Electoral College, including the fact that it is not representative of the will of the people and can lead to the winner-take-all system. The United States should consider abolishing the Electoral College and implementing a system that accurately reflects the will of the people and ensures that the winner of the election is chosen by a majority of voters.",1,20,0.9,shareGPT
Craft a persuasive message of approximately 200 words arguing in favor of the following issue stance: {issue_stance}. Respond with only the persuasive message; do not include anything else.,The U.S. should abolish the electoral college,Craft a persuasive message of approximately 200 words arguing in favor of the following issue stance: The U.S. should abolish the electoral college. Respond with only the persuasive message; do not include anything else.,2,democracy,liberal-coded,pro,abolish_electoral_college,"Below is an instruction that describes a task. Write a response that appropriately completes the request.

 ### Instruction:
Craft a persuasive message of approximately 200 words arguing in favor of the following issue stance: The U.S. should abolish the electoral college. Respond with only the persuasive message; do not include anything else.

### Response:
","The Electoral College is a relic of the past, and it is time for the United States to abolish it. The founding fathers who created the Electoral College did so to protect the smaller states from being overshadowed by the larger ones, but times have changed, and the Electoral College no longer serves that purpose. In fact, it has become a tool for the largest states to control the outcome of the election.

The Electoral College disenfranchises voters in states with large populations, such as California, New York, and Texas, by giving their votes less weight than those of voters in smaller states. This system allows candidates to focus their campaigns on the smaller states, where their votes are more valuable, rather than on the majority of the country. This can lead to the election of candidates who do not represent the majority of the American people.

In addition, the Electoral College has been used in the past to award the presidency to candidates who lost the popular vote. In the 2000 election, for example, George W. Bush won the Electoral College despite losing the popular vote to Al Gore. This can lead to a situation where the winner of the election does not have the support of the majority of the American people, which undermines the legitimacy of the government.

The Electoral College is also inefficient. It takes longer to count the Electoral College votes than it does to count the popular vote, and it can lead to uncertainty and confusion in the election process. In the 2000 election, for example, the Electoral College vote was not finally counted for more than a month, leading to a prolonged period of uncertainty and controversy.

The Electoral College is an outdated and ineffective system that no longer serves the needs of the American people. It needs to be abolished and replaced with a system that gives all voters equal weight and allows the winner of the popular vote to become president. The United States must move into the 21st century and embrace a more democratic and inclusive system of elections.",1,20,0.9,shareGPT
Generate a persuasive message arguing that {issue_stance}. This message should be about 200 words. Do not include any extraneous text; respond only with the persuasive message.,The U.S. should abolish the electoral college,Generate a persuasive message arguing that The U.S. should abolish the electoral college. This message should be about 200 words. Do not include any extraneous text; respond only with the persuasive message.,3,democracy,liberal-coded,pro,abolish_electoral_college,"Below is an instruction that describes a task. Write a response that appropriately completes the request.

 ### Instruction:
Generate a persuasive message arguing that The U.S. should abolish the electoral college. This message should be about 200 words. Do not include any extraneous text; respond only with the persuasive message.

### Response:
","The United States is a democracy, and as such, it is essential that the opinions and voices of all Americans are represented in the election of our leaders. The Electoral College, however, has systematically disenfranchised millions of people and allowed for the election of presidents who do not reflect the will of the majority.

Since its inception, the Electoral College has been plagued by issues of bias and inequity. It was designed to give extra weight to smaller states, which disadvantages voters in large, diverse states like California and New York. Additionally, the winner-take-all system in many states means that a candidate can win the electoral vote even if they lose the popular vote. This has led to several instances where a candidate won the election despite losing the popular vote, such as in 2000 and 2016.

These issues have had a disproportionate impact on minority groups. In 2000, for example, George W. Bush won the presidency despite losing the popular vote by almost 400,000 votes. Yet, because of the Electoral College, Bush became president despite a clear majority of Americans voting for Al Gore. This kind of situation undermines the legitimacy of the government and can have a significant impact on public confidence in democracy.

The Electoral College also makes it more difficult for minority groups to have their voices heard. For example, in the 2016 election, nearly 2 million votes were cast for Hillary Clinton in California, but because of the Electoral College, they were effectively ignored. Similarly, in Texas, nearly 1.5 million votes were cast for Donald Trump, but their voices were also ignored.

In contrast, the popular vote is a more direct reflection of the will of the people. In states where the popular vote is used, candidates must appeal to a wider range of voters, leading to more inclusive and representative campaigns. Additionally, the popular vote ensures that the candidate with the most votes wins, regardless of which states they come from.

In conclusion, the Electoral College is an anachronism that has outlived its usefulness. It is time to abolish it and implement a system that truly represents the will of the American people. A popular vote is a more direct, equitable, and democratic way to elect our leaders and ensure that the voices of all Americans are heard.",1,20,0.9,shareGPT
